链接,主题,时间,来源
https://www.sogou.com/link?url=1N5bSpvo44MD-PVtw1DyBiKVsBuEgot-iD1yq9LGI3Ts1AaxOqDZLp_LuTqCb0npqYVVPK9MycY.,台湾新增多个感染源不明本土病例 疫情进入社区感染阶段,21小时前,东方财富网
https://www.sogou.com/link?url=hedJjaC291ND72rFEx5NeOBe3ZQanx0lBf30CQMMcy-ZvDz-qH0fCmYpP5eeJ1Ws,"西班牙官员称疫情高峰将至,加泰却组织400人聚会搞“活体感染实验...",3小时前,腾讯
https://www.sogou.com/link?url=LeoKdSZoUyD7gcKLv7HBm5Z6BH17yykfbF6BO2RDgqTNsoIbOcJkIVT2lYLLEAC60ztd7q5nl6o.,5月11日全球疫情数据 印度新增感染近33万,5小时前,同花顺财经
https://www.sogou.com/link?url=DSOYnZeCC_qK4EIku4cKCnB1wb4wx1zDomRdHhKtRdD-ukuBPedXrCKV1fyyiRmDXnQ3C27nBlMh5nxpDb3WRg..,"疫情升温!台湾新增7例本地新冠确诊病例,6例感染源不明",21小时前,海峡网
https://www.sogou.com/link?url=6IqLFeTuIyhfYJ1Ai-ptaljpXp0hu3m0pGGRqy3IkbU4xSY7p7BCcYLiRXhr5ue3EtTuqXFnnrGt5pUc3zy0dg..,美媒:疫情可能导致更多儿童受到感染,2021年4月28日,中国网
https://www.sogou.com/link?url=hedJjaC291ND72rFEx5NeFLNx8_LRWb5d66R10P4UkmZFs8acUqd_as1XXiZf7D9OHdl-hdEkGA.,"泰国疫情升级,日新增破2千死31人创新高,曼谷现贫民窟集群感染",2021年5月4日,腾讯
https://www.sogou.com/link?url=hedJjaC291MsSMYcMkrZn3JYM_Rmx0C5rnilvTOuwmmWVw-AoIriFdM7Xe6uZ5eq,"印度单日感染人数又创新高,氧气危机令疫情雪上加霜",2021年5月6日,界面新闻
https://www.sogou.com/link?url=hedJjaC291NbWrwHYHKCyPQj_ei8OKC1YrN-rEiLWZl6HUcQqfDqDQbVUHPu5UiuzzN6yF0rU71LuHeBOJrOMX7AO95DiJrNB2mWaRrsjP8.,"疫情趋稳,连续4日零本地感染!全港复课,限聚令延长14日...",17小时前,网易
https://www.sogou.com/link?url=hedJjaC291ND72rFEx5NeOBe3ZQanx0lBf30CQMMcy8_VDtv93YNGmYpP5eeJ1Ws,"苹果、富士康被印度疫情害惨了!工厂大规模感染,手机产量下滑超50%",14小时前,腾讯
https://www.sogou.com/link?url=hedJjaC291NbWrwHYHKCyD8XhMmoErchpsRVoSxWN3gbEXCe0SiFQlWrZyAjmK66Yxa6z8QapJWZsu8olezRRhIA8NdD7aCr5jYno9LQoqU.,"印度疫情雪崩,专家预测感染人数或超5亿!这些国家也传来坏消息...",2021年5月3日,网易
https://www.sogou.com/link?url=1N5bSpvo44MD-PVtw1DyBiKVsBuEgot-iD1yq9LGI3Sj1maSTvKk5RORdopj3kdM16HAJOvoDf0.,印度疫情雪崩!世卫专家:感染人数或超3亿 A股上市公司紧急行动,2021年5月3日,东方财富网
https://www.sogou.com/link?url=hedJjaC291OdvMOUQEu3rg7NrByQwiI1XzUgP2pNXQPhMuWJMChyFg..,"全球病例增长最快5国均在亚洲,急需警惕“环中国疫情感染圈”",2021年5月1日,凤凰新闻
https://www.sogou.com/link?url=hedJjaC291O3C97uiXrK6__A2nuyEZQRYnw_2e-WZ9My1XJDHH4dnA..,"印度凶猛疫情下的中国手机厂商:员工感染、供应链紧绷,一场艰难之战",2021年4月30日,凤凰网科技
https://www.sogou.com/link?url=DSOYnZeCC_oFmTickJ_wj-9UtgljQJRBe11_JXUsCUjjU_sJPiDB5K3vNqEqflre,印度疫情感染患者被严重低估!真实的情况应该非常严重!,2021年4月29日,搜狐
https://www.sogou.com/link?url=hedJjaC291NOnp6FjIyLqtf_lbExWck2f5QFTf2Hn6oq8tiKrUIopfOcIDKC_1Je,"新冠疫情恶化,莫迪发声:感染“风暴”撼动这个国家",2021年4月25日,环球网
https://www.sogou.com/link?url=xn5acRrLcVF2R3FPOsCgA-SDEzgtWHGB6nF8O9P4oiUp8CQab9Ut-XgfTVSZiwVYXYf53e5jcrquLaNMGv04nw..,最新海外疫情:新冠感染超1.45亿 累计死亡超307万,2021年4月24日,财新网
https://www.sogou.com/link?url=WaeIF24cBDtchBcRD-HpI3-UBU39h5-qGvQX2Oy6cncRQolsrWvWl6DsV4gqYOke,印度疫情彻底失控:单日感染人数突破30万 重症患者也无法住院,2021年4月22日,网易号
https://www.sogou.com/link?url=WaeIF24cBDtchBcRD-HpI3-UBU39h5-qbgaW320FCxsARZ015su6Tg-__8lGD_dT,疫情被严重低估?世卫专家:印度实际感染数可能比现在高二三十倍,2021年4月27日,网易号
https://www.sogou.com/link?url=1N5bSpvo44MD-PVtw1DyBiKVsBuEgot-iD1yq9LGI3T-WdYHM__DkL1advbf54i98gW0QHT_ZCA.,雪上加霜!印度突发大地震 疫情实际感染达5亿?市场影响几何?,2021年4月28日,东方财富网
https://www.sogou.com/link?url=DSOYnZeCC_oFmTickJ_wj-9UtgljQJRBdSQX59jBkW7EzNK9mLjkVQ..,"亚洲遭受新一轮疫情感染浪潮,会波及中国吗",2021年5月9日,搜狐
https://www.sogou.com/link?url=hedJjaC291MnJ7c3dAFKdRf9GPO52tDCcybc3nOmM5dAKp84MQ0vxq3mlRzfPLR2,"雪上加霜!印度突发大地震,疫情实际感染达5亿?市场影响几何?",2021年5月11日,凤凰网
https://www.sogou.com/link?url=DSOYnZeCC_owiQB-8oXtmIscsKoT-byZhSZ1_a1txCkCuS3LiRYfSKz3ysBGo8Ism3MCm0q3sai2wKelUak-kA..,意担忧疫情感染指数增长 卫生部称解除宵禁或过早,2021年4月19日,中国新闻网
https://www.sogou.com/link?url=6IqLFeTuIyiuyH1tDKnTot8fZPZ6Wr1kJ8Spxoww13z2msJED-cV5rHGjiupzJvHDreTTKqAcSk.,梳理40余起本土疫情发现:感染的人都有这2个特点!,2021年3月28日,中国青年网
https://www.sogou.com/link?url=xn5acRrLcVF2R3FPOsCgA-SDEzgtWHGB6nF8O9P4oiWo1LlCA47uaPVkbLvmqRp_F0qENx5q8OOuLaNMGv04nw..,最新海外疫情:新冠感染超1.21亿 累计死亡超267万,2021年3月18日,财新网
https://www.sogou.com/link?url=hedJjaC291P_5IrMAppx1GagZn8A5zHCrnilvTOuwmkHyOC-leAM5mrkVhXyDQGv,"这剧情有点熟悉?美军航母再现疫情后,感染舰员被送到关岛隔离",2021年2月22日,环球网
https://www.sogou.com/link?url=hedJjaC291N4CsCOxmWyq2tNoAmB5ZfE_0TpABbl_-L8kekT2p8McFnBo82NQsJ0wa9ZH94xF9Sj983bFVo4mSMpn5SIxgzP6uLyws3tY8FkOQkTFQQDWw..,"可怕!一航班爆发聚集疫情,至少4人感染,空姐染上变异病毒,紧急...",2021年2月12日,腾讯
https://www.sogou.com/link?url=hedJjaC291N4CsCOxmWyq2tNoAmB5ZfE_0TpABbl_-IXLTEmBHNTI82Z4F6MqAnuvpSe1g5rLJrA7l8D2ymV5yMpn5SIxgzP6uLyws3tY8FkOQkTFQQDWw..,"那些疫情中感染的医生护士们,现在怎样了?",2021年1月31日,腾讯
https://www.sogou.com/link?url=6IqLFeTuIyhfYJ1Ai-ptaljpXp0hu3m0kowbA0MkdrCMe_1oEHn0b57aSQPzUHO428AqgHgQclet5pUc3zy0dg..,1月成美疫情“最致命”月份?专家:或已有1亿人感染,2021年1月26日,中国网
https://www.sogou.com/link?url=hedJjaC291NlrwQ__IuIUTLA9BAMBdmMENbTl9OABngfMzG4Ja6SkfwWEh860sy6z9nRW60pdh-ytJuJP8SUcNycteDUf005,1月成美疫情“最致命”月份?专家:或已有1亿人感染,2021年1月26日,央视网
https://www.sogou.com/link?url=NdaMVEDuTuUqJAX0tG4Lh5U2WhLNU-EkWxeQDWjy8INPtobf8psIgPCC1HmL2xYShhKhx3djt5Q4d2X6F0SQYA..,北京顺义家庭聚集性疫情致一家七口感染,2021年1月12日,人民网
https://www.sogou.com/link?url=DSOYnZeCC_p9BekECCm2_7X2dg0f8GDSFpLaeNZrBwvM0OPrrTRQ4JCUwLuZqqnTt6wianfVZDW2wKelUak-kA..,洛杉矶疫情恶化:每6秒钟感染一人 每8分钟死亡一人,2021年1月11日,人民网
https://www.sogou.com/link?url=6YUuC6e6hWaMvqDB2FOGAedImszqKcb1aJrgRIXUqR4iy305zrjf57QkDIJYLpQk,"一地疫情出现超级传播:1人家庭聚会致11人感染,后又致33人感染!",2021年1月4日,环球网
https://www.sogou.com/link?url=hedJjaC291PvQ62fE08zgNf_lbExWck2f5QFTf2Hn6qcV7zzefkxq2krHYpPQ3Pb,"一地疫情出现超级传播:1人家庭聚会致11人感染,后又致33人感染!",2021年1月4日,环球网
https://www.sogou.com/link?url=6IqLFeTuIyiuyH1tDKnTot8fZPZ6Wr1kk8x6yyLd1GavoGP3oIUnRv5Oa9MtGClnthmLIflz9mc.,大连本轮疫情出现超级传播:1人家庭聚会致11人感染 后又经楼道等致...,2021年1月3日,中国青年网
https://www.sogou.com/link?url=DSOYnZeCC_rFnAdVO_Rb-VWSPSk83357kowbA0MkdrB2hMA5M7xVi75mzuglzqKXFDz2xbOXdiA.,大连本轮疫情出现超级传播:1人家庭聚会致11人感染 后又经楼道等致...,2021年1月3日,新华网
https://www.sogou.com/link?url=DSOYnZeCC_rFnAdVO_Rb-VWSPSk83357EErHlQ1_G9OAIOURYmqYtRufOHlKjgYmotyb0QMckQy8H3hzb6JqFQ..,北京:初步判断此次顺义区局部聚集性疫情感染来源为境外输入,2020年12月31日,新华网
https://www.sogou.com/link?url=DSOYnZeCC_pxX8sfsIae4tv9YEzZYCmhaq292hRNEELdIICT2p9wUQozmtjnLjoXtHPYrCYy9b8.,北京:初步判断此次疫情感染来源为境外输入,2020年12月31日,新华网
https://www.sogou.com/link?url=hedJjaC291N8oPIvzrP2zOzyHt4XfhqRt410O23z1XNJ4O1rgyAiZMXx79ONR97dIeZ8aQ291kY.,智利南极基地暴发疫情 36人感染新冠病毒,2020年12月22日,金投网
https://www.sogou.com/link?url=hedJjaC291ObCIj2C4ekaqnaZb9Iqpyd8EeypjA6On1wsJ3rwl6ompMO5DwEA9ojreaVHN88tHY.,"全国多地疫情突然爆发,比人传人更可怕的感染出现了!",2020年12月16日,网易号
https://www.sogou.com/link?url=DSOYnZeCC_q09_aNdNfFlk1-eCVuGJDx33X8y__uh5zDKTcsNSaqceFD12nrhZsI,疫情“呼唤”感染科重新归位,2020年12月16日,经济参考网
https://www.sogou.com/link?url=hedJjaC291ObCIj2C4ekaqnaZb9Iqpyd_6nbPfERw1ERDRDHVbwaJ5_dZQEw8mlrreaVHN88tHY.,"成都疫情大爆发,这次的感染速度也太快了……网友:“毒王”又出现...",2020年12月12日,网易号
https://www.sogou.com/link?url=hedJjaC291OZMcnaWOVh-YS09FNHaG76shvVDsuuJH_WEhwau0EcCSveYSFMLL_oy3RLTOyW17ch5nxpDb3WRg..,"4天12人感染,梳理成都疫情的4大关键信息",2020年12月11日,中华网
https://www.sogou.com/link?url=hedJjaC291OA_AUgiq9l3xTBnfyxJVLpPrQq-icsCfg2izDA1bAp7ORnKts50h92OHdl-hdEkGA.,青岛胶州无症状感染者疫情已被证实为冷链产品引发的感染,2020年12月11日,网易新闻
https://www.sogou.com/link?url=hedJjaC291Osj6fmiZw1ZvXUlQL07XXmw2ixUYZYRe24nzhTrs9IIeMF9QYgpthu3Jy14NR_TTk.,疫情下的美国:一周感染50万人 5400万人面临食品短缺,2020年10月28日,中国新闻网
https://www.sogou.com/link?url=hedJjaC291OZGy8QSc3qadRkQ65ScIuvZmqaoQ7t9RxM2QyVPRkxKufQRiss5qUqFDz2xbOXdiA.,北美观察丨疫情下的美国:一周感染50万人 5400万人面临食品短缺,2020年10月28日,光明网
https://www.sogou.com/link?url=hedJjaC291OA_AUgiq9l3xTBnfyxJVLpiZB6nxM0bWF1GwCi2Pj3q0XCnio3Xx0XOHdl-hdEkGA.,外媒:疫情曲线抬升 美卫生系统迎新一波疫情“大考”,2020年10月24日,网易新闻
https://www.sogou.com/link?url=NdaMVEDuTuUqJAX0tG4Lh5U2WhLNU-EkWxeQDWjy8IN3785qjUiIrPCC1HmL2xYSN0c2Tff3tKg4d2X6F0SQYA..,青岛疫情源头确定!感染管理专家解读如何做好常态化防控,2020年10月17日,人民网
https://www.sogou.com/link?url=1N5bSpvo44M-_X_TVHJ0EXArNCk6SH1ec-xIzPUleT8PPamJ20iZoia_UzE6wBDYFwXi8_ZDjye2wKelUak-kA..,美国疫情反弹 亚马逊近两万员工感染!多家药企传出大消息,2020年10月2日,中国网
https://www.sogou.com/link?url=hedJjaC291N8oPIvzrP2zOzyHt4XfhqRt410O23z1XOG5oH1LdEooBz2fO6Q_N9VIeZ8aQ291kY.,青岛疫情最新情况 青岛无症状感染2人属早期感染者,2020年10月1日,金投网
https://www.sogou.com/link?url=LeoKdSZoUyAbJRMzDgA_ZSdQRoztLvNXY2rXP7hYqDLzOvPbOHFQRUKqoRFRMzU08feGbOHe6Loh5nxpDb3WRg..,青岛疫情已得到有效控制 2例无症状感染属于早期感染者,2020年9月30日,人民网
https://www.sogou.com/link?url=6IqLFeTuIyhSfbTToNNtfzff1ckovrdKHPmCsphO2dBmapqhDu31HEzZDJU9GTEqq5V_dIk16BQUPPbFs5d2IA..,疫情下的美国:一周感染50万人 5400万人面临食品短缺,2020年9月22日,中青在线
https://www.sogou.com/link?url=CrexC2hj5_4Ww6FUtiwKerX2dg0f8GDSFpLaeNZrBwtfOdZSE1Lj-SFgb1MXXGn7t1POWA3h2bPTO13urmeXqg..,东京都的疫情仍未得到控制 家庭内感染病例最多,2020年8月14日,人民网
https://www.sogou.com/link?url=6IqLFeTuIyiEHFz7-DcdEcVOhhdNQFxxDzqMGyj1uEaPOIW3VPbT3zeCqXl2c2gO3Msml2rxJoI2WWPP6QMZ-NM7Xe6uZ5eq,美疫情持续恶化 议员感染后众院内将强制戴口罩,2020年7月30日,央视网
https://www.sogou.com/link?url=hedJjaC291PCxX11GzOHGHzC45cCHKIwimwZ26Vy9phf9rIDkQJ0wx6QkqEllSfFGZW6wosMiN79DDJkwzyHFw..,"[专家说疫情]武汉北京大连的疫情发现同一问题,钟南山说香港已出现...",2020年7月30日,中华网
https://www.sogou.com/link?url=6IqLFeTuIyiEHFz7-DcdEcVOhhdNQFxxwlbvZ6JIcMzfX5R7hcsbOXpIqpng-hRmND4YLAQFZdbUTHDLkkbhWtM7Xe6uZ5eq,美国23州暴发沙门氏菌疫情:数百人感染 菌株来源不明,2020年7月27日,央视网
https://www.sogou.com/link?url=hedJjaC291PvQ62fE08zgNf_lbExWck2f5QFTf2Hn6osg6SyIlpuIY0L3-90mVfQ,为什么疫情感染是从市场开始?专家回应,2020年6月19日,环球网
https://www.sogou.com/link?url=B7ss7T7Ay4mjoO9y2b2X6hVBXAc9_CZBwJZ_gbvtu6t1e5AHJ_0QvEcMZaOrzxv8UYoKFueZuEtxDTZ2KXtJe-RYtV9Iimgy,聚集性疫情一代病例均在新发地感染,2020年7月11日,新京报电子报
https://www.sogou.com/link?url=hedJjaC291MrMi26SlxWFnsI4rDpq5MnCAAEI1HM2Y0_SPhYnSil8-PdAhy-qnYDrlSlMjCuESdYTk-00dCOFjh3ZfoXRJBg,"北京的疫情感染为什么从市场开始,因为新冠病毒零下20度可存活20年",2020年6月19日,中华网游戏频道
https://www.sogou.com/link?url=hedJjaC291MrMi26SlxWFnsI4rDpq5MnCAAEI1HM2Y0_SPhYnSil8-PdAhy-qnYDrlSlMjCuEScx4S1v9owihTh3ZfoXRJBg,"北京的疫情感染为什么从市场开始,新发地检出病毒比欧洲病毒要老",2020年6月19日,中华网游戏频道
https://www.sogou.com/link?url=DSOYnZeCC_p9BekECCm2_7X2dg0f8GDSFpLaeNZrBwvHhvZ2YudE-pCUwLuZqqnTFQRCq6uUz0q2wKelUak-kA..,韩国聚集性感染频发 美国疫情防控愈加艰难,2020年6月15日,人民网
https://www.sogou.com/link?url=ocWV09y9H2SLbcv31XsLW7X2dg0f8GDSFpLaeNZrBwswlJfvuWswSPTJnCEpSHJdCVAO7Ca-16Q4d2X6F0SQYA..,韩国物流中心聚集性感染致疫情反弹 警示当前防疫工作仍不能放松,2020年5月28日,人民网
https://www.sogou.com/link?url=DSOYnZeCC_p1B8Reocp8_gT1uSvKkviMfjPpPjZQUWvYMtgYtUZb8VV9fsOv3iak-mPwlRh-fP0cOROEhGdF3g..,台湾新增多个感染源不明本土病例 疫情进入社区感染阶段,4小时前,今日惠州网
https://www.sogou.com/link?url=6IqLFeTuIyhMl9npagq-iWsArw5H2U3Bykejz9L-SC4pYKGvEjxPKX3a6h02EI12khQqpCDkRLw.,台湾新增多个感染源不明本土病例 疫情进入社区感染阶段,19小时前,舜网新闻中心
https://www.sogou.com/link?url=6IqLFeTuIyhUu8YnWBHGXlJwyCZFRrUM6dzpHMhglib4AmIZz_uD46UBmP0D2gO0ta45KPH978Rl3FfiuRDc5w..,台湾新增多个感染源不明本土病例 疫情进入社区感染阶段,21小时前,21CN
https://www.sogou.com/link?url=hedJjaC291P33igiXMgxhPGAKHZRnahNxmquGczJcb3P-UTu7uCmI0hxMDqRSsnUA3JXx_S6eeVgAAEMA8RfW9ycteDUf005,台湾新增多个感染源不明本土病例 疫情进入社区感染阶段,21小时前,新浪财经
https://www.sogou.com/link?url=hedJjaC291MSNWqgjh34vljpXp0hu3m0X6Owj48__cQWAA36hIf9gs2BedOR3pmudF8T74aLW5SNgEitwL1NwQ..,韩国军舰首次出现新冠疫情大暴发 已有38名舰员感染,2021年5月8日,新浪网
https://www.sogou.com/link?url=DSOYnZeCC_qQHrBoCZGZHXT7jyYECAYzMajxLENZmKilOFmDVAdbeW4dNVPGrbzzreaVHN88tHY.,"智评|全球病例增长最快5国均在亚洲,急需警惕“环中国疫情感染圈”",2021年5月6日,十堰秦楚网
https://www.sogou.com/link?url=6IqLFeTuIyjPMKb7hGcDWGxegTtkQ4KktT5edV5Ot-48c2KCZ83CofmRrH58FCCvOBT6i0cEglJZ_mw3bVhoHjh3ZfoXRJBg,意担忧疫情感染指数增长 卫生部称解除宵禁或过早,2021年4月19日,国际在线
https://www.sogou.com/link?url=hedJjaC291P33igiXMgxhPGAKHZRnahNxmquGczJcb3P-UTu7uCmI3eGIhOhHB0jA3JXx_S6eeVCTg3DAKjVmNycteDUf005,"印度实际感染或30倍于官方数字,这波疫情为何空前反弹?",2021年5月4日,新浪财经
https://www.sogou.com/link?url=DSOYnZeCC_q__seTu9vNmIhM18LezZvRwdSuN1b1lJoaJsNM_KzdHpr2wKjtvo6DZKzbOn4MCg8.,"印度疫情告急!连续12天新增超30万,世卫:感染人数或超3亿!港...",2021-5-7,每经网
https://www.sogou.com/link?url=hedJjaC291O6VvSgq6WL2CwPXcziT5QEj3giehkoVlyIw9WEwsyHtw..,"印度凶猛疫情下的中国手机厂商:员工感染、供应链紧绷,一场艰难之战",2021年5月2日,36氪
https://www.sogou.com/link?url=hedJjaC291Nr3Lyvh1x5vmcl40OXQ5iZJ5wVLqMweM5-dcmEqL3cYw..,"印度凶猛疫情下的中国手机厂商:员工感染、供应链紧绷,一场艰难之战",2021年5月2日,36氪
https://www.sogou.com/link?url=hedJjaC291MSNWqgjh34vljpXp0hu3m0X6Owj48__cT8QVa7QECnts2BedOR3pmu-He7YFxPxjlKfINmQBc7bw..,印度疫情风暴中的华人:身边人不断感染想帮却帮不了,2021年5月1日,新浪网
https://www.sogou.com/link?url=6IqLFeTuIyjPMKb7hGcDWGxegTtkQ4KkK75ddLzivnFfFDy3MJKQV3saRx7qMVewvj_Cn6bkFjthqCstOUVkozh3ZfoXRJBg,多国新冠疫情形势恶化 欧洲为何出现新一波感染?,2021年3月25日,国际在线
https://www.sogou.com/link?url=DSOYnZeCC_q__seTu9vNmBT5WIwiJVZ9A0viBpSNhaQwXsvK2YsI6LoZTTuXOb3u16HAJOvoDf0.,"新增持续超30万,印度疫情已外溢?邻国前国王不幸感染,世卫组织严...",2021年4月30日,每经网
https://www.sogou.com/link?url=DSOYnZeCC_rUk39HLA9X5TuRFUhOMD9d-tgrT0fSEue87dWYMgvyYxjZUuWVoIujS44BSKqv4hQGTwldbh-zg64to0wa_Tif,印度疫情失控为全球敲响警钟:警惕院感和医护人员心理失衡,2021年4月29日,健康界
https://www.sogou.com/link?url=6IqLFeTuIyg7VHmY41EI6CdQRoztLvNX9knj9No9Am1cvvAwlZMu93Xard8yGFRjpQqXLfVrdPquLaNMGv04nw..,美媒:疫情可能导致更多儿童受到感染,2021年4月28日,中国宁波网
https://www.sogou.com/link?url=DSOYnZeCC_o-O6vT-V7Bg3B1wb4wx1zDKnlLnfBQIASWRj8MRkmc77uGdMgurixyKYy8ULRuiI6T9NnmbYgZMrwfeHNvomoV,"每秒近4人感染!这里疫情不断恶化,引发股市抛售、资本外逃,成亚...",2021年4月28日,深圳新闻网
https://www.sogou.com/link?url=hedJjaC291NLUqAq3cfpQzehMDYO0PdhAObGi1PSYXRzOkggQG03WzS5OnlPyMKosuUNDSURliyw99SqZ965se-7p7O6gB6GreaVHN88tHY.,"印度新冠疫情近乎失控,一男子杀害感染新冠妻子后跳楼",2021年4月28日,上海热线
https://www.sogou.com/link?url=6IqLFeTuIyjos1oEHq-NJJpoEIbxiXlJT-apn68SCcz1X5sIzBf7GrYa7dgzvO7L_lpOhxT_91K2wKelUak-kA..,"中国女婿亲历印度疫情失控:我是这里首个打疫苗华人,比起感染当地...",2021年4月27日,天维网
https://www.sogou.com/link?url=DSOYnZeCC_rTObgNoRGr9pXubGti9WmZbPUh0xTg0DDCt16wysdD8vUAAuMw3Az_IeZ8aQ291kY.,"印度疫情失控即将崩溃,为何中国却必须救它?",2021年4月26日,西陆军事
https://www.sogou.com/link?url=DSOYnZeCC_rPCwkYUd3RxoMLw03941ydrIMlSVdXG0Ug3EA_ggfdHzh3ZfoXRJBg,印度疫情大爆炸 印度真有上亿人感染吗?,2021年4月24日,曲阜网
https://www.sogou.com/link?url=6IqLFeTuIyjIjK2C5mBMwjnQedp38BA2p1gALXcZYWznN38WrcCoCogBcP89wdtxahR5ldly76TOh2yI7cb5a63mlRzfPLR2,意担忧疫情感染指数增长 卫生部称解除宵禁或过早,2021年4月19日,荆楚网
https://www.sogou.com/link?url=hedJjaC291PQ0VgwYrH2TcSjF7RLQauRf_6aZOnaTGSBoMxZmAU2i9Aa4eTrFJFe,"韩疫情扩散形势堪忧,感染途径不明病例占比近1/3",2021年4月13日,扬子晚报网
https://www.sogou.com/link?url=6IqLFeTuIyg2c4X0YJoCz3cDSnNkSgqlGsRM98S9-o_BOnmWs8C4GdM7Xe6uZ5eq,德国暴发禽流感疫情 约11万只禽类受到感染,2021年4月9日,食品伙伴网
https://www.sogou.com/link?url=a8xlm0X2uveH7GJteJhkO3CCPVCqv2qakdGJKS2CGahJ5nJvGKI9synwJBpv1S35zHZ7Vx0RQfL2kkD6r62s5-SzZGRuhejToWGuFwWUBow.,曼谷等地娱乐场所出现群聚感染 泰国社会担忧疫情扩散,2021年4月6日,新浪
https://www.sogou.com/link?url=DSOYnZeCC_rIf4s4Ubfqg2YfYw046UK7ukp-imaov0bMi6bmkL8_rdHBqxYF8GpZri2jTBr9OJ8.,2019年第三季度肺炎疫情和病毒感染就早已在多一点多地发生,2021年4月3日,中国新闻人网
https://www.sogou.com/link?url=hedJjaC291O1Zkpm5wJmraOqHowjh3K68zeIFTBPCoO8bgp6DckBwK4to0wa_Tif,"美国疫情感染人数与经济指标同时回升,拜登政府要怎么选?",2021年4月1日,一财网
https://www.sogou.com/link?url=DSOYnZeCC_rOYJpgJHKaOR4u9orODvcvdHmebN6DWaQx5YvsprT80CHmfGkNvdZG,梳理40余起本土疫情发现:感染的人都有这2个特点!,2021年3月29日,中财网
https://www.sogou.com/link?url=6YUuC6e6hWYMDmzer93YCALlWtjj1YvgLwQ6KECzU3rTDvLi73fhKw..,梳理40余起本土疫情发现:感染的人都有这2个特点!,2021年3月29日,中国财经信息网
https://www.sogou.com/link?url=hedJjaC291MxGeA-SVBACwNdbrwv1ozqnY8kqmjk2QVYEjW4L09UpOL4hrMFoBYJhUxWWgtpVmY.,"梳理40余起本土疫情感染的人有2个特点:不戴口罩,爱聚集",2021年3月29日,澎湃
https://www.sogou.com/link?url=hedJjaC291N9qse2BQVuNClJrsq5gGdMKoUKLtg1XtM5Vp2u7fTJyQ..,梳理40余起本土疫情发现:感染的人都有这2个特点!,2021年3月29日,川观新闻
https://www.sogou.com/link?url=hedJjaC291Ode25g20YjoBT5WIwiJVZ9IGdFeLrj0oxY_W5sa8MhyMY2uoFqN4ZYfTfi3LVSLrKJKbxX8kJHgg..,梳理40余起本土疫情发现:感染的人都有这2个特点!,2021年3月29日,新浪网
https://www.sogou.com/link?url=hedJjaC291N3VIe-RXSnchb4z3PTd1cHdzzBcxiELET2msJED-cV5i0ialp1RhRbrtDTUDjh7RWuLaNMGv04nw..,梳理40余起本土疫情发现:感染的人都有这2个特点!,2021年3月28日,浙江在线
https://www.sogou.com/link?url=hedJjaC291P5GOFVRULPMQWG-BhCT-poaJrgRIXUqR7nDCrEPEkbeTzhncnW0pI2,欧洲第三波疫情来了:新增感染再次飙升 多国重新封锁,2021年3月22日,华尔街见闻
https://www.sogou.com/link?url=hedJjaC291PZ6QL4ShPtm4CMp8j_Ey-KmKaQU2yKvmkbvL24WeowSaOlWgdrLQuyyY9G3C2okOveubPGuHEgei7fOi5GCAGg,美军航母再现疫情后 感染舰员被送到关岛隔离,2021年2月22日,新浪
https://www.sogou.com/link?url=6IqLFeTuIyguqn0Ft6QJxiHWD_uItetq1Kw9-eFKWyHT4lFUYe_xg1S3mA8SsvmmIeZ8aQ291kY.,"疫情期间致超200人感染,5人获刑!",2021年2月9日,名城新闻网
https://www.sogou.com/link?url=6IqLFeTuIygdVBQeIn3gv-pYangpf8QrXkXXJWpxbLSUtLf5cfqn6ms2wn9dJCouJdAnvNCOVVOuLaNMGv04nw..,"疫情期间致超200人感染,山东监狱管理局原副局长等5人获刑",2021年2月8日,新华报业网
https://www.sogou.com/link?url=6IqLFeTuIygiFmGs0icpd-bn7eQPBsgyT7wFDLEzG-8eQStBmiYoXGQ5wqF3C2qJri2jTBr9OJ8.,疫情期间致超200人感染 山东监狱管理局原副局长等5人获刑,2021年2月8日,华商网
https://www.sogou.com/link?url=hedJjaC291MxGeA-SVBACwNdbrwv1ozqnY8kqmjk2QVYEjW4L09UpPPQMN6hyuYnc7erMsMiFMo.,"疫情期间致超200人感染,山东狱管局原副局长王文杰等5人获刑",2021年2月8日,澎湃
https://www.sogou.com/link?url=hedJjaC291MsSMYcMkrZn3JYM_Rmx0C5rnilvTOuwmktFiRlA5myTdM7Xe6uZ5eq,"监狱疫情致超过200人感染,山东监狱管理局原副局长等5人获刑",2021年2月8日,界面新闻
https://www.sogou.com/link?url=DSOYnZeCC_rUk39HLA9X5TuRFUhOMD9d-tgrT0fSEufXpRYFDMQM6wAj0tGs3AuObg7eTmRHzqAdNRUHx-oA_FPNMfpNwZ6RreaVHN88tHY.,【地方】常态化疫情防控下医院感染防控巡查工作制度,2021年2月1日,健康界
https://www.sogou.com/link?url=hedJjaC291NR7c-KzNo1NPcNwXXI8L4D8FWtEKi3qBOfB3XPXik1wim5ctLvBQVh3yrtM8DEKhWwyGknmIt3mdHVcCEHCtvnri2jTBr9OJ8.,【地方】常态化疫情防控下医院感染防控巡查工作制度,2021年2月1日,健康界
https://www.sogou.com/link?url=MRoBrhLn5VNci-8_V46MiRP9wKh1lFz6HpmZQ5f7akMO_vJDW52VkKvzwqCSfYAAfvF-Q2tdE862wKelUak-kA..,北京疫情最新消息!北京大兴已有3个家庭全员感染、大兴聚集性疫情...,2021年1月29日,中金在线
https://www.sogou.com/link?url=6IqLFeTuIyjfhsdGYfO2MC8NCmQwslidnI1dn3Sb8O3f7eb8oQVlWEzZDJU9GTEquLkqfsRWIZs4d2X6F0SQYA..,区民政局:确保殡葬领域疫情“零感染”安全“零事故”,2021年1月29日,江津网
https://www.sogou.com/link?url=hedJjaC291N9qse2BQVuNClJrsq5gGdMw4N7_sKpzJMcxwosGK5jvg..,菏泽牡丹区中医院举行新冠疫情感染防控培训会 提升应急处置能力,2021年1月29日,川观新闻
https://www.sogou.com/link?url=DSOYnZeCC_oRvkdEOyk2EDL2RJWzAevK-w1vxSGq3Dq4Rb_YHPVncWABoPIAk5WYxmeRtz87bh65J55rwrEQBfKAgj33NLY6reaVHN88tHY.,关于进一步做好常态化疫情防控下医疗机构感染防控工作的通知,2021年1月22日,岳阳市人民政府
https://www.sogou.com/link?url=DSOYnZeCC_ql1o8DHjrbBkxiU6vJkas7KFutpangn0-WURjxqFaj5wlY25O70QixL2lpMKo9O9m2wKelUak-kA..,疫情是否会大规模暴发?现阶段防控要注意哪些事?浙一感染科专家这...,2021年1月15日,丽水网
https://www.sogou.com/link?url=X4Yt6GhHd2pbXCI58mvHWO8UqwbJJ6V0cMg0yYlBUUJhgWsKpTO5uQLhr_PUSGwYRIV17JLK_wg_YklJUzi69K3mlRzfPLR2,沈阳疫情病例传播关系图公布 一个矿泉水瓶引发95岁张某某感染,2021年1月11日,新浪
https://www.sogou.com/link?url=MRoBrhLn5VNci-8_V46MiRP9wKh1lFz6HpmZQ5f7akMO_vJDW52VkMBjdZt-DqrvrUkBK-HooGS2wKelUak-kA..,北京最新疫情!北京一家7口均感染:密切接触者432人 与河北聚集性...,2021年1月11日,中金在线
https://www.sogou.com/link?url=6IqLFeTuIyjL_2Jp8a8XNXwJglLHGvBhGtkvByAl5b7NKRE2utMUNAZFJ5UQUXQ3,"洛杉矶疫情恶化:每6秒钟感染一人,每8分钟死亡一人",2021年1月11日,长江网
https://www.sogou.com/link?url=6IqLFeTuIyhUu8YnWBHGXn8Ys2t2oBkvb4JFIi8FfHgt5ziVdQU8Crsnhg_3hPH3C_t68-nNtlCuLaNMGv04nw..,北京:初步判断此次疫情感染来源为境外输入,2020年12月31日,21CN
https://www.sogou.com/link?url=hedJjaC291MSNWqgjh34vg-Ck9h0rnjxcT2gFE_J1n3Jh5VRIniqjG6mnlbf6BfsHXAU6qiN7Sdiy-G1TztBYqqjJcKyK3tD,破案了!北京顺义本轮疫情感染源查明,2020年12月30日,新浪
https://www.sogou.com/link?url=6IqLFeTuIyiFc1T-X-A0jxFtvKUcN6eDhMw8aHnaMjj9DDJkwzyHFw..,北京顺义疫情因印尼输入病例引起:1人如何感染16人?,2020年12月30日,中关村在线
https://www.sogou.com/link?url=hedJjaC291MOHImlfMvAODeQh9RPnUSuwtblb-9F2pJy3XyLrDiyCtHvtRNwXx6azAjFjVmTVkZIJ-8gKPIMXYcyFAMUWbGx,北京顺义本轮疫情感染源查清了!,2020年12月30日,新浪财经网
https://www.sogou.com/link?url=DSOYnZeCC_ofVJ8J2JcXlI5eBtmQi_C7ye3yegGZ8JzcqiKIpKgp1adK2HWdDfTQxrh8DJWkbejUHYf7p_vQd2xKFgF4xPxOhhZAPYaBlpEImYtSjqgRtdM7Xe6uZ5eq,关于进一步做好常态化疫情防控下医疗机构感染防控工作的通知,2020年12月30日,山西省人民政府
https://www.sogou.com/link?url=hedJjaC291NDxZ6Wyr6RTgDhr56HS7geOKsAz7c6z04_rQns9ECKuMwYtgHIVOpbE2WTx5sboByt5pUc3zy0dg..,关于进一步做好常态化疫情防控下医疗机构感染防控工作的通知,2020年12月29日,中国政府网
https://www.sogou.com/link?url=hedJjaC291MsSMYcMkrZn3JYM_Rmx0C5rnilvTOuwmmRDHNyxWzSX9M7Xe6uZ5eq,"智利南极基地暴发疫情36人检测呈阳性,西班牙29人赴土耳其植发后感...",2020年12月22日,界面新闻
https://www.sogou.com/link?url=DSOYnZeCC_oXsVgYLIWCIaPJvm-6Z8SiVCpHi_KFc2LX0f4Tr_Izu40GjeLXu5uh0ztd7q5nl6o.,疫情指挥中心自打脸 浙江台商疑似在台湾感染,2020年12月11日,华夏经纬
https://www.sogou.com/link?url=hedJjaC291OUIxru4A1w2_FKUMIjZjQVzTZpJoJEWEnV8l20Ko5gvhLIEIaXd2bdBiBjuropCbIh5nxpDb3WRg..,"160人确诊!日本最大水产市场暴发疫情:感染途径不明,仍正常营业",2020年12月8日,头条前瞻
https://www.sogou.com/link?url=6IqLFeTuIyiSHm5E7mt1UtgVMi76HcKJVwIePNrCuXSCyhUzxdf30gpe1ttsHbPsOiP_YxHhOWmzFkxrNI9FegZFJ5UQUXQ3,"清远市人民医院感染科副主任邓英:“疫情当前,感染科医生肯定要先...",2020年11月10日,南方网
https://www.sogou.com/link?url=hedJjaC291M3juXY2gHtkCdQRoztLvNXlpXEgVYMqpCztphq0ICfX84X-ddmIU26m77kMYfwbYNl3FfiuRDc5w..,美国一周超6万儿童感染新冠创新高,2020年11月3日,新浪网
https://www.sogou.com/link?url=6IqLFeTuIyjL_2Jp8a8XNXwJglLHGvBh6DuKaAnrozu-rn7kigf8PQZFJ5UQUXQ3,北美观察丨疫情下的美国:一周感染50万人 5400万人面临食品短缺,2020年10月28日,长江网
https://www.sogou.com/link?url=DSOYnZeCC_rHaqFl5H60RxK8P6Sn75Jm_zupsy7d4qRplOT2Ta-JDo03S7lqtruvRNUp1sCrhXPUGFiG079FaclvupXk0u5wh6Qh9Lv52Vkh5nxpDb3WRg..,我省进一步加强秋冬季疫情防控期间医疗机构感染防控工作,2020年10月21日,海南省人民政府网
https://www.sogou.com/link?url=LeoKdSZoUyC3c0w7VPnqPWz1f5ca-ZsyZW6-YiU1H2aAe_OXK1E_JSEtaT_8OBG3Vb4XXtVNKpQ.,青岛聚集性疫情未发现社区感染来源不明病例 疫情处置已取得阶段性成...,2020年10月20日,新民网
https://www.sogou.com/link?url=hedJjaC291N5KZL3rV3MxDl3I73Rwx8Xwtblb-9F2pLmgti1jAhXepPeipYbx-MPBkUnlRBRdDc.,新增感染再度攀升 美国迎接第三波疫情考验,2020年10月19日,cnBeta
https://www.sogou.com/link?url=hedJjaC291P5GOFVRULPMQWG-BhCT-poaJrgRIXUqR7BLznCOIas0OEy5YkwKHIW,新增感染再度攀升 美国迎接第三波疫情考验,2020年10月19日,华尔街见闻
https://www.sogou.com/link?url=6IqLFeTuIyjIckcMPcYQOSKZ9qRpO4Ixlw1tW_zd2-tz1t2l6YcbXEm6GVpXjFpMMSoU-XgMvgyuLaNMGv04nw..,青岛疫情追踪:感染源与感染路径的调查正在进行,2020年10月13日,西部网
https://www.sogou.com/link?url=6IqLFeTuIyhfYJ1Ai-ptanTeIXbAlXNfMkZkb-drI0Ge2Nryz3tuDNW-VKjAhpX-p57Hm4HopMgaVpGd8AuCbeNoE4VnJzb1,院方否认青岛新增病例是院内感染是怎么回事?山东疫情疫情最新情况,2020年10月12日,中国小康网
https://www.sogou.com/link?url=hedJjaC291Ode25g20YjoBT5WIwiJVZ9T-SH-EP20eKP5FbfyFW7JLb8xcAXnMUyNxbYNN1dt1e9j52V5xJVRg..,匈牙利疫情报告:新增927人感染,2020年9月25日,新浪网
https://www.sogou.com/link?url=DSOYnZeCC_pCjnHtGRBPSJSrNkVDGSaGp8dUS5WDDkyljXKFwMUosAzAt08GfKPmDWn8EIt92FY.,瑞丽疫情感染人数最新动态 10月去云南规定如何隔离,2020年9月21日,股城网
https://www.sogou.com/link?url=6IqLFeTuIyhZSM_FlT2GZtNdWUrWcWhTEUf4W6JMb7iOUCnbsKWgBs2e0-zBGFm5EpagQt_OlHS2wKelUak-kA..,"美国小镇疫情期违规办婚礼:已致176人感染,7人死亡",2020年9月16日,海外网
https://www.sogou.com/link?url=hedJjaC291O1Zkpm5wJmraOqHowjh3K6QuEEwoiHgbJFVGaV071pHK4to0wa_Tif,美国FDA前局长:美国秋季将再迎新冠疫情感染高峰,2020年8月22日,一财网
https://www.sogou.com/link?url=hedJjaC291MQUi6PPSEOVljpXp0hu3m0jrTF1YJBshCaR-hWclR1H_CqA51LdMoQLjEHciJWycDodNwu7aetlCHmfGkNvdZG,"疫情近期反弹,大学重开后已出现聚集性感染美国多所大学宣布恢复线...",2020年8月19日,新浪网
https://www.sogou.com/link?url=6IqLFeTuIyhZSM_FlT2GZtNdWUrWcWhTEUf4W6JMb7j2NTJ9q49dy82e0-zBGFm5P79QohxrO5G2wKelUak-kA..,韩国乐天旗下快餐店发生疫情 9名员工集体感染,2020年8月12日,海外网
https://www.sogou.com/link?url=MKQkp13LDfXlWNjGP5qDvLMxLtPNq24r5ODUHiDAO_0lJDCGdP_UyqQFHIqF_VZIIeZ8aQ291kY.,疫情防控零感染 服务保障零障碍,2020年8月11日,新华日报
https://www.sogou.com/link?url=DSOYnZeCC_pmCGcCEqaEYBVBXAc9_CZBEZzecyarxaPRyDNk6FvayJa6fjm-EBsRZdxX4rkQ3Oc.,美国新冠疫情仍持续 又遇沙门氏菌感染爆发,2020年7月24日,看看新闻网
https://www.sogou.com/link?url=LeoKdSZoUyC3c0w7VPnqPWz1f5ca-ZsyZW6-YiU1H2bv9z-O-z8McZs_EP3hWB6-iSm8V_JCR4I.,为什么疫情感染是从市场开始的?中疾控专家回应,2020年6月19日,新民网
https://www.sogou.com/link?url=hedJjaC291OUIxru4A1w2_FKUMIjZjQVzTZpJoJEWEnV8l20Ko5gvtPnBmOcKiZhpUOKncArIEQh5nxpDb3WRg..,疫情蔓延!巴西一天内两名部长宣称感染新冠 累计确诊超210万例,2020年7月21日,头条前瞻
https://www.sogou.com/link?url=DSOYnZeCC_pCjnHtGRBPSJSrNkVDGSaGp8dUS5WDDkzLS3wmVDWmfwzAt08GfKPmDWn8EIt92FY.,乌鲁木齐感染疫情原因 病毒究竟从哪里来的?,2020年7月17日,股城网
https://www.sogou.com/link?url=6IqLFeTuIyiAfo_9rdu3nYrNhzI5_WifR28GLfpDUVisV6s5Wp34OmZVw2x8UJFboWGuFwWUBow.,"今日疫情汇总:全美超1.1万名孕妇感染新冠,中东多国疫情持续反弹",2020年7月11日,云南网
https://www.sogou.com/link?url=hedJjaC291MQUi6PPSEOVljpXp0hu3m0jrTF1YJBshBmN95Y6UO17mG-WT_OILmtnFQHbx1qj249Gmqbfew58yHmfGkNvdZG,"数说疫情0710:厄瓜多尔冻虾外包装检出新冠病毒,美国超1.1万孕妇...",2020年7月10日,新浪网
https://www.sogou.com/link?url=6IqLFeTuIyhfYJ1Ai-ptanTeIXbAlXNfMkZkb-drI0Ge2Nryz3tuDOREjJtbNY8bLzNwbH4lDK8DNWrTKgmefRF4zNbZI1JVreaVHN88tHY.,北京的疫情感染为什么从市场开始?如何防止感染扩大?,2020年6月19日,中国小康网
https://www.sogou.com/link?url=hedJjaC291OpfZzRwIZPRydQRoztLvNXbG1JWIHi7hLa7gVporXLirPKsg8bb8ju1nTnD300R3Hn38thsNFBya3mlRzfPLR2,因疫情感染人数激增 美国最大电影院线推迟复业,2020年6月30日,新浪互动资料库
https://www.sogou.com/link?url=DSOYnZeCC_oppCqygWSOIydQRoztLvNXiJPt5b5NJ1kJgdhd_ojmEjZcxxuVBKTJIeZ8aQ291kY.,"疫情期间家人感染或疑似被隔离,孩子没人管咋办?这个答案暖心!",2020年6月26日,人民政协网
https://www.sogou.com/link?url=DOb0bgH2eKjzl8yhEqAOy5GR8SNE5ltNaq292hRNEEJZaffMKdKLZlFykC3BvMaatsCnpVGpPpA.,北京的疫情感染为什么从市场开始?中疾控专家回应,2020年6月19日,千龙网
https://www.sogou.com/link?url=DSOYnZeCC_qHkzcdeUad6DL2RJWzAevKdoctJHkK3_-I7yW87e36rQBszCG4j7Pty7U2jayWSGbhjB-FOfSQ5a4to0wa_Tif,本市进一步加强疫情防控期间医院感染防控工作,2020年6月20日,北京市人民政府
https://www.sogou.com/link?url=DSOYnZeCC_qM-7EQjvi6BjL2RJWzAevKsf7ApTh1NwsTx6NZSDlNeXRELHTxNa8SKGWWZYV4shmuhbd0Vw_TKfE94anNVqxU,进一步加强疫情防控期间医院感染防控工作,2020年6月20日,北京卫生健康委员会
https://www.sogou.com/link?url=MRoBrhLn5VPDlQNZMnTSi2qtvdoUTRBCyASnBw0YvclwbNv9RShq3SHmfGkNvdZG,为什么疫情容易从市场开始?简析疫情感染从市场开始的原因,2020年6月19日,华图教育
https://www.sogou.com/link?url=hedJjaC291PAJ_LtRhdSmvoaGmdc-ICs35GxawgHJn2Vp1Hd8lR5LWXcV-K5ENzn,北京的疫情感染为什么从市场开始 中国A股受影响了吗,2020年6月19日,股城网
https://www.sogou.com/link?url=DSOYnZeCC_qqsQMulblWRfs8JiY5pi3VLL7rKTLCg7lOiXHoLUyhoAlyrl4GDvYnAnplEZ-du9U.,后疫情时代应强化医疗机构公共卫生能力建设——专访中华医学会感染...,2020年6月13日,中国经营网
https://www.sogou.com/link?url=hedJjaC291PeICCL-kzI1KnxNQ5gioDQTpxNPzKdPXOvdIaeVSMFzjzhncnW0pI2,全球疫情感染每天约10万人的增加速度仍在持续(附详情表),2020年5月25日,asahichinese-j.com
https://www.sogou.com/link?url=DSOYnZeCC_q7xWAYH5HOJt8YlYp0VumNONacikRZmvYHZQ5sIOzlkOY8m_a7nFR8lHYTZzIgCBMh5nxpDb3WRg..,德国疫情出现反弹 一教堂集体感染超过40人,2020年5月25日,大公网
https://www.sogou.com/link?url=NdaMVEDuTuUrWevkdNlBrHCCPVCqv2qai5XFL6ZaU4PW4wpvEz87JOBPTqT7a9kuxN3VwubYciPTO13urmeXqg..,疫情最新统计:美国确诊超152万24小时内美国新增感染近2万例,2020年5月20日,中国网
https://www.sogou.com/link?url=6YUuC6e6hWaMvqDB2FOGAedImszqKcb1aJrgRIXUqR5wphbiFtktxnyxrPxZ0glH,"国务院通报黑龙江省聚集性疫情:多家医院先后发生院内感染,感染...",2020年5月1日,环球网
https://www.sogou.com/link?url=DSOYnZeCC_pwPuBML45MeOdImszqKcb1aJrgRIXUqR5wphbiFtktxnyxrPxZ0glH,"国务院通报黑龙江省聚集性疫情:多家医院先后发生院内感染,感染...",2020年5月1日,环球网
https://www.sogou.com/link?url=DSOYnZeCC_rz88Xns-EirCdQRoztLvNX3UxHjcfr9JWrqKcbxlQ5NMm_8c78MAX5J-UfVTjEokMGRSeVEFF0Nw..,关于落实常态化疫情防控要求进一步加强医疗机构感染防控工作,2020年5月1日,观点中国
https://www.sogou.com/link?url=6YUuC6e6hWbwMPv1M2AD4T0ZIhs6-p6v25urMHVJRn47uNbDYQj6XYaheORy36bUKn08SooCPOOYYRfu-cJBaE90VEP2AXH0,哈尔滨疫情传播链再延长!又有医护人员被感染,2020年4月26日,中国日报网
https://www.sogou.com/link?url=NdaMVEDuTuV6-7FmdqIRbCdQRoztLvNXY2rXP7hYqDKV6VoxyYdgRUDeWY7c-7H3HWHuvV1n3Dgh5nxpDb3WRg..,武汉开展贫困人口疫情感染情况大排查,2020年4月24日,人民网
https://www.sogou.com/link?url=hedJjaC291NrO_hNHe4v-1USdej_K3jDRGFKYXagFNyKQwN-G3evw3OKHU4mxnZH0ztd7q5nl6o.,"美国女记者疑似报道疫情时感染 传染多人,致2死",2020年4月6日,网易娱乐
https://www.sogou.com/link?url=DSOYnZeCC_oD9MFFYV_nBMj3Df5AJOpFzPJsI0WgWEIp1x6HBgMCdAtSkOF_5lMRhnf9ISv9qXc4d2X6F0SQYA..,"在疫情期间,因感染、疑似感染或密切接触新冠病毒隔离治疗无法主...",2020年4月13日,正义网
https://www.sogou.com/link?url=6IqLFeTuIyhwlPXlr74PqDTg25ETSCAEyycV10wVkQk_w1KL40StLSkzXAsE1xai,"疫情升级,留学生该怎么办?万一感染要回国治吗?我驻美大使回应",2020年3月19日,和讯财经新闻
https://www.sogou.com/link?url=6IqLFeTuIygD4o5eW3u9yMVOhhdNQFxxLKVlTjrUN2Bqdehf87wQCNycteDUf005,"全球累计确诊超18万!疫情蔓延至欧所有国家,美国务院多人感染",2020年3月18日,证券时报网
https://www.sogou.com/link?url=MRoBrhLn5VMbJRMzDgA_ZSdQRoztLvNXY2rXP7hYqDL27CXstuKlSKNueDfk-EB-Qz3ueLM1KL4h5nxpDb3WRg..,疫情发生以来广东医务人员“零院内感染”,2020年3月13日,人民网
https://www.sogou.com/link?url=6IqLFeTuIyhwlPXlr74PqDTg25ETSCAEgXRAR4SOy9DP-WVuuKYMn0-vuxy9ODvs,"这次疫情可能感染7000万-1.5亿人口规模,死亡人数或许将破千万",2020年3月12日,和讯财经新闻
https://www.sogou.com/link?url=NdaMVEDuTuVinYY-v7QE4rX2dg0f8GDSL_UYt-hXKWmQRvuUqryPELg80XMFwh4loTpZPXGuJIQ4d2X6F0SQYA..,"“面对疫情,我们感染科要冲锋在前”",2020年3月7日,人民网河南频道
https://www.sogou.com/link?url=LeoKdSZoUyBZGK8rvoqSp3QIX0LFTth5L-CQzk-oFDb2PmLn4G7NIZHqg64HhGyPzS2wfGEayUw4d2X6F0SQYA..,民政部:为因疫情防控感染或牺牲的四类人员提供关爱保障金,2020年3月5日,人民网
https://www.sogou.com/link?url=LeoKdSZoUyBZGK8rvoqSp3QIX0LFTth5L-CQzk-oFDYDCrpUd3DJq5Hqg64HhGyPOXHMuBziEC04d2X6F0SQYA..,民政部:疫情高风险地区及有感染病例养老机构暂停外来人员进入,2020年2月25日,人民网
https://www.sogou.com/link?url=6IqLFeTuIyhSfbTToNNtfzff1ckovrdKHPmCsphO2dDutmuxrrzDI0zZDJU9GTEqcv4rTN2cw7wUPPbFs5d2IA..,美疾控中心复盘美国疫情:多项失误导致感染人数飙升,2020年2月24日,中青在线
https://www.sogou.com/link?url=DSOYnZeCC_rz88Xns-EirBVBXAc9_CZBy9OzYiuCHAZ3R_8pVSvrxzQhVchuTGEZ0ztd7q5nl6o.,伤医事件、过度防控、监狱疫情感染…多部委集中回应,2020年2月21日,中国新闻网
https://www.sogou.com/link?url=DSOYnZeCC_rFDFfnhI83E9v9YEzZYCmhhSZ1_a1txCkopxTWoew1F8cC98J6baEtzvRMXsIVy-tmXwvg9rI5FrwfeHNvomoV,严把疫情防控线 力保师生零感染——广西民族大学疫情防控工作纪实,2020年2月19日,新华网
https://www.sogou.com/link?url=6IqLFeTuIyh9rnnE9m9FAqRMG-nkpbTKDAq1THYNauwmAM2CNhEC4xoTmEG7oPc6reaVHN88tHY.,广东一学校出现一起诺如病毒疫情:391例感染、无死亡,2020年2月16日,凤凰网
https://www.sogou.com/link?url=6IqLFeTuIyh9rnnE9m9FAqRMG-nkpbTKDAq1THYNauxrNWzvL_LnvIOOyLew-5IPQRRbTBhBUcE.,广东一学校出现一起诺如病毒疫情:391例感染、无死亡,2020年2月16日,凤凰网
https://www.sogou.com/link?url=DSOYnZeCC_ovUca_NiYdjdv9YEzZYCmhhSZ1_a1txCk7JmBNDm3HgRuBAOsNGY56S-3UcJucZukUPPbFs5d2IA..,【疫情防控】感染案例警示:别出门 不聚集,2020年2月13日,新华网甘肃频道
https://www.sogou.com/link?url=hedJjaC291Pq0GuKRA3s_01-eCVuGJDxIbEr-L6BFEYqa4Yj5Pw1USFxv13VUbYmBkUnlRBRdDc.,专家:警惕家庭聚集感染 疫情“拐点”难以预测,2020年2月6日,光明网
https://www.sogou.com/link?url=DSOYnZeCC_of1jB9gcg5jpjTGB5piOAWIJbNfPTyfMaJl2Gmq9rxIRsfS4-Xgr-uwf9HAKxijDIrckVl8WPPtq3mlRzfPLR2,专家:疫情拐点何时出现很难预测 须警惕家庭聚集感染,2020年2月6日,央广网
https://www.sogou.com/link?url=hedJjaC291MgZC_YWLWLoBTBnfyxJVLpyKoMf4BYEYHap_WoRg8IXk9HjsqENPqIOHdl-hdEkGA.,"昨天的疫情数据里,有两个趋势令人振奋",2020年2月8日,网易科技
https://www.sogou.com/link?url=LeoKdSZoUyCUIkbnrKhYPyR44gNwLxaiOgLQ5j5v5jNHFFKqlKKGW2XcV-K5ENzn,西安市未央区疫情防控指挥部关于加强新型冠状病毒感染的肺炎疫情防...,2020年2月5日,凤凰网
https://www.sogou.com/link?url=DSOYnZeCC_psL19swRdGGdv9YEzZYCmhaq292hRNEEL4uIqNNPRJzHNZeHULoQB_r5R3LQNLeik.,江西省疫情防控专家组组长:江西进入新型冠状病毒感染的肺炎高发期,2020年1月31日,新华网江西频道
https://www.sogou.com/link?url=hedJjaC291M4oaTBlXc5yF31kXE-fSNrE5sZNoI9ePJizRbH3vHrD4C6XlxP5U7Fnp_JpyU5APQ.,黄文政、梁建章:我们为何对控制疫情谨慎乐观,2020年1月25日,网易财经
https://www.sogou.com/link?url=MRoBrhLn5VP0yTN75yUJdVt43p6bqSgMS1QwVtFKiDkeJXvnnAOEtDV4j4xxfkj24JsrvrHPr6-cyRs8FMT0cK3mlRzfPLR2,东莞最新艾滋病疫情通报 如何预防感染风险?,2018年12月1日,网易
https://www.sogou.com/link?url=6IqLFeTuIyjl0WKYWBuHQKeaOeAlxOFuu6dmPeHDET2_8IiRru6L4mEj6d5Z16gUreaVHN88tHY.,意大利冬季流感疫情开始蔓延 18万多人被感染,2018年11月10日,中国天气网
https://www.sogou.com/link?url=CrexC2hj5_6QBIUsBWCWK3D6bEmJK2gJ-Sh23okqARF94AaYaN14CG1pT9eOgY3a89rdLiJZnx-t5pUc3zy0dg..,三地发生非洲猪瘟疫情 人类会被感染吗?,2018年8月21日,网易
https://www.sogou.com/link?url=DSOYnZeCC_of1jB9gcg5jsMp2l_Prjiej7FpzrJ_uLlpBomjkGLShlVUoIvulqr2PVrxRRAHCdOhv03c81jQntM7Xe6uZ5eq,黑龙江通报人感染炭疽疫情:14人感染 1人已治愈出院,2018年8月10日,央广网
https://www.sogou.com/link?url=a8xlm0X2uvf4XltGpS3KJ933Tb6bqhSaNBDrzb_97IBlteUX2pJd8JhQpy1QPQWS0ztd7q5nl6o.,有人在寻找未知病毒:或能阻止下个全球性疫情,2018年2月25日,网易科技
https://www.sogou.com/link?url=DSOYnZeCC_oC5lSDvuIn7YRPrUGUdLVVIIkXrqQjH3a7iiR5YYv4boJIUPkxhpNOVAfs3tgDGKrUpxwAVlcf4Q..,新加坡爆发本土寨卡疫情 41人确认感染,2016年8月29日,中国日报网
https://www.sogou.com/link?url=DSOYnZeCC_rz88Xns-EirBVBXAc9_CZBRL-onI9GVOtncQMRQzynvyk9GoGsBt1d0ztd7q5nl6o.,美国麻疹疫情持续蔓延 全美感染病例上升至百人,2015年1月27日,中国新闻网
https://www.sogou.com/link?url=6IqLFeTuIygaKK5X97os-Wz1f5ca-ZsyeKumy9_J4-y_-8WMu97Hvujff24-giH66jPTPY2Vz1et5pUc3zy0dg..,疫情反弹 法德韩再现聚集性感染,2020年5月10日,新民网
https://www.sogou.com/link?url=DSOYnZeCC_r-rWSaN-SCAPo7pw7gweDu90PKGaD8NkBWD82mGxGMd7_7xYy73se-L3NtUwIV1Pw4d2X6F0SQYA..,"后疫情时代,如何扎紧感染疾病篱笆?",2020年5月6日,新民周刊
https://www.sogou.com/link?url=DSOYnZeCC_qetJvTgG4EhtLusCrAQTRUBXXXNIwPwX2q5VNwapPLRVVT7APSN24lA5sk-Cu83X-t5pUc3zy0dg..,《关于落实常态化疫情防控要求进一步加强医疗机构感染防控工作的通...,2020年5月1日,中国政府网
https://www.sogou.com/link?url=DSOYnZeCC_qYkeaKx1rsmbLe0wUssHhWhjnFPjzdns14Mf8wkaxukllo8nMIi-5TFyuIU28xZjdl3FfiuRDc5w..,美疾控中心复盘美国疫情:多项失误导致感染人数飙升,2020年5月2日,胶东在线
https://www.sogou.com/link?url=DSOYnZeCC_rvYkkzs-0i4shgtclu0VwG43mY73vvHragNCvqM_wrLVjtQnbSanKAM4QBISCTRoG2wKelUak-kA..,王文涛主持召开省应对疫情工作领导小组指挥部例会 深刻反思哈尔滨牡...,2020年5月2日,黑龙江省人民政府
https://www.sogou.com/link?url=hedJjaC291NbERAlaFPjTx_xKr3q4kgid-m8E0uQEyzlSleB77xEHfE94anNVqxU,4月30日新冠疫情:全球感染321万 美国死亡人数超越战,2020年4月30日,分析测试百科网
https://www.sogou.com/link?url=hedJjaC291McObjG41-ZJtN5OE271_hkx6ZXvZYFSwztvya1xLKDNhCVt2C07eBX,美疫情提前至12月 感染死者从未去过中国,2020年4月25日,四海网
https://www.sogou.com/link?url=58p16RfDRLuk2mU-b50fB_GAKHZRnahNTX54JW4YkPEminXH2wUSxbPKsg8bb8juGEkWApNANHivTmiyeiS0K63mlRzfPLR2,哈尔滨疫情传播链再延长!又有医护人员被感染,2020年4月19日,新浪
https://www.sogou.com/link?url=hedJjaC291PZ6QL4ShPtm4CMp8j_Ey-KmKaQU2yKvmmvao6KuX1bDg5S5MNjCTOr5w4f45U--1mAISPmjtsxAqTnzEL3O6rU,美国空军成疫情重灾区 已有数百名飞行员被感染,2020年4月9日,新浪
https://www.sogou.com/link?url=hedJjaC291NhEGhDd4M8ioWCi15nx-70tVS9Cs357vqphVU8r0zJxg..,有多少医护人员感染死亡,2020年4月7日,优质企商网
https://www.sogou.com/link?url=DSOYnZeCC_qetJvTgG4EhtLusCrAQTRUS9LESO9vw_77cmhIWaQixnR6-Dcq6zACmoxunwhKj_cTXtv2h1DJP7wfeHNvomoV,国家卫生健康委办公厅关于进一步加强疫情期间医疗机构感染防控工作...,2020年3月13日,中国政府网
https://www.sogou.com/link?url=IPi47MzqYJ7wbCpCAWh-Om6QmpiSMUA7Mfz2mAOLTcQnVy1lKiwJsjRj8dHw0BBE,"疫情进入四月高峰期,感染人数起码200万,真正的全球考验将要到来",2020年4月1日,风闻社区
https://www.sogou.com/link?url=ocWV09y9H2SAjKfI_xMviunABDjnoATArFv6Pon3V40MJ3T8N9ZKP_yTL_25R94T5GWt52enpp4qA7Fz_3snPw..,"疫情期间坚持参加聚会,一家七口感染4人在6天内接连死亡",2020年3月21日,新浪网
https://www.sogou.com/link?url=hedJjaC291M3juXY2gHtkCdQRoztLvNXH3LHLVvlW0rE22lTdbv2rkQ8B1ylO8vhVQZBsSfu4IBl3FfiuRDc5w..,留学生现在要不要回国?万一感染要回国治吗?,2020年3月20日,新浪网
https://www.sogou.com/link?url=hedJjaC291P_OFRIprM9Ux6axSKzo9vRHim2KKEsdITP3xP6kJDtjw..,"疫情感染上万人,奢侈品市场损失400亿",2020年3月13日,CFW时尚
https://www.sogou.com/link?url=hedJjaC291MuHMc9awUczKC2q27SellomTD-cVOgfft6khFSqad1H-Txo_y53IhTIeZ8aQ291kY.,"疫情预计9600万感染48万人死亡! 疫情也将重塑世界格局,",2020年3月9日,搜狐焦点网
https://www.sogou.com/link?url=DSOYnZeCC_rfSEoSfC2cbbgnS_ISHb82cXi5qivZE3xmsSaMn1s8dHbpFBjL2CUgctlKsR0IZlW2wKelUak-kA..,疫情期间工资能降低或延期发吗?复工后感染算工伤吗?,2020年3月7日,南海网
https://www.sogou.com/link?url=6IqLFeTuIyiFc1T-X-A0jxFtvKUcN6eDGBaJM70V-8DtMoMmGcPeAg..,Facebook员工确诊感染:疫情升级冲击三大科技巨头,2020年3月6日,中关村在线
https://www.sogou.com/link?url=hedJjaC291MSNWqgjh34vg-Ck9h0rnjxfLRoiaqfdpTJh5VRIniqjHG5rJpd3m8lvDibKD8_wAFiy-G1TztBYmAiBl6vgTCNreaVHN88tHY.,全国近期发生11起聚集性疫情 一次聚餐25人感染,2020年2月26日,新浪
https://www.sogou.com/link?url=DSOYnZeCC_oiMWonooK_pkGCZ2rsxZhy8wNtdOHjrxPTXmtV_Hw5hCDDAn-UxmcVAdtPnvCDlaiYB-dZs_0zNw..,台湾绿营政客感染的“仇中症”疫情还有救吗?,2020年3月5日,中国台湾网
https://www.sogou.com/link?url=WaeIF24cBDuEB_F5IaaQ4O52uDWgou36eDH_MJGsbpJQUfEDInTJI6XtFss8RrjlvB94c2-iahU.,吕萍:从容应对疫情的感染科护士长,2020年3月4日,四川新闻网
https://www.sogou.com/link?url=hedJjaC291PV1ah4fdlYbV58f1DcCh-1dkdxTzrAoAM-3gyz7__JTYtKzwNhv5S5rgUWs5eiENsh5nxpDb3WRg..,"韩国专家:最坏情况40%国民感染,疫情或持续至年底",2020年3月1日,观察者网
https://www.sogou.com/link?url=hedJjaC291NhfujVR-pS3SFFPDaMRVEa_muMVqjAI7ODM2Ca50ud0zh3ZfoXRJBg,"美疫情成谜,感染途径不明病例增加!特朗普:普通民众无需买口罩",2020年3月1日,北晚新视觉
https://www.sogou.com/link?url=ocWV09y9H2SAjKfI_xMviunABDjnoATAewu7fkQfpuizMBeaVILpodw8ADq447eX2f6gxcT6LljCFcaMVj2dvw..,"美国疫情乱象:感染人数成迷,口罩天价,官员不知所措",2020年2月28日,新浪网
https://www.sogou.com/link?url=DSOYnZeCC_rfSEoSfC2cbbgnS_ISHb82cXi5qivZE3yQL44-gn8aITFpMX3KdoHYImmxcJNty5-2wKelUak-kA..,抗击疫情·发布会 | 海南:近10日本地感染病例占比为91% 2月下旬将...,2020年2月24日,南海网
https://www.sogou.com/link?url=hedJjaC291NhfujVR-pS3SFFPDaMRVEa_muMVqjAI7PtbUqkE6gxBzh3ZfoXRJBg,"痛心!抗击疫情一线不幸感染新冠肺炎,武汉29岁女医生去世",2020年2月23日,北晚新视觉
https://www.sogou.com/link?url=6IqLFeTuIyj39zNMtGYRVKBDLxnrLrk4fgVJQrI9-5CQL44-gn8aIXJrGZe79HIMpIvLQflyekGt5pUc3zy0dg..,司法部回应3省5个监狱感染疫情,2020年2月21日,齐鲁网
https://www.sogou.com/link?url=6IqLFeTuIyi9rbFxuFxgXdw-Tm6AtWwxzB1w9iHtMEb0jP34XGISUI2YRVPRICzoueVqQqOLGyBzxftnh5AlzCRhDUPPj4RRceikRwk7GSI.,中国疫情蔓延初步遏制 全球何以多地聚集感染?,2020年2月21日,新浪
https://www.sogou.com/link?url=6IqLFeTuIyg7VHmY41EI6CdQRoztLvNX9knj9No9Am32kswC9i7-V_eLFFhcNvoyf1skRbEC21CuLaNMGv04nw..,全国3省5所监狱发生感染疫情 更多细节公布,2020年2月21日,中国宁波网
https://www.sogou.com/link?url=6IqLFeTuIyg0Ypap_kDzqLT1ehzWEguo060GA_yBM4mQL44-gn8aITaEzteRfKz1b_9-NtV1PQa2wKelUak-kA..,"一起家庭聚集性感染疫情,7名干部被问责",2020年2月16日,荆州新闻网
https://www.sogou.com/link?url=DSOYnZeCC_r__HB5-VIzsB3biqt4_l5rSZHBKQwEgONUY101d8gOp99w1eBXzdAxOHdl-hdEkGA.,疫情防控新闻发布会 | 市高院:对疫情期间感染的医护人员认定为工伤,2020年2月16日,文汇网
https://www.sogou.com/link?url=DSOYnZeCC_qWi0Se8NTlbIMLw03941yd3oU31TsS8fxeKBZ6FLaFCsA8hMV208fQpvOjf1nARsYh5nxpDb3WRg..,【疫情防控】感染案例警示:别出门 不聚集,2020年2月14日,大西北网
https://www.sogou.com/link?url=DSOYnZeCC_oSkhnkIq5zT4MLw03941ydFjUVGLmagL7iZKFoqLrRGa0YneiF3TQH,我区召开疫情防控院内感染控制工作研判会,2020年2月14日,中国财经新闻网
https://www.sogou.com/link?url=6IqLFeTuIygaKK5X97os-Wz1f5ca-ZsyhqH6__Ma0B_KLG4DmiEadXRTW9VZdcLBhyUPtDdofbTTO13urmeXqg..,疫情防控发布会|上海18.4万困难群众(家庭)目前无人感染 已拨1.95...,2020年2月14日,新民网
https://www.sogou.com/link?url=DSOYnZeCC_ox5mkfi8Y2jmQJ6AJM-tu1LuSl4Waag88Q6Ql7IOf3uwLdy6TV64AVIeZ8aQ291kY.,关于依法惩治妨害新型冠状病毒感染肺炎疫情,2020年2月10日,中国最高人民法院
https://www.sogou.com/link?url=6IqLFeTuIyi9rbFxuFxgXU1-eCVuGJDxs2BPPcZjh2PEotKGxFjLhYF1mL99A1BnPvBoXyNpkYfTO13urmeXqg..,警惕聚集性疫情 浙江东阳一患者感染7人致560余人隔离,2020年2月9日,新浪
https://www.sogou.com/link?url=DSOYnZeCC_o-O6vT-V7Bg3B1wb4wx1zDKnlLnfBQIASCyhUzxdf30rprIA1jXXa_ULNUBThMoN2GtZrmcxXh37wfeHNvomoV,疫情期间工资怎么算?感染病毒算工伤吗?官方解答来了!,2020年2月9日,深圳新闻网
https://www.sogou.com/link?url=6IqLFeTuIygiFmGs0icpd-bn7eQPBsgyex8tuMx5sFJTsyeTpR-AsvEfhU9fIeh5ri2jTBr9OJ8.,西安举行疫情防控第七场新闻发布会 隐性感染作为传染源的比例增大,2020年2月9日,华商网
https://www.sogou.com/link?url=DSOYnZeCC_oHMQi-EeHviRT9kKDdKR7YdofcnWH4RTDVkzIr4iwnIIfrShJ9SMCnre82oSp-Wt4.,每日疫情通报截至2020年2月5日12时肇庆市新型冠状病毒感染的肺炎...,2020年2月5日,澎湃
https://www.sogou.com/link?url=hedJjaC291N_d11NfN19779lq35J1lLJkJI5tjP7eNNQC-FvBkGEx1AtqDoxcbw4QB0qo4Uvy3a_j53htiltKjLqhmhUGyOpVIpyYMITpOU.,"湛江最新疫情报告出炉:确诊15例,无症状感染者3例,4人因家庭聚会...",2020年2月5日,大洋网
https://www.sogou.com/link?url=6IqLFeTuIyie2r2HzS7umyVcJ4zidYROwZ1agitFzT02xapEwPFXj_dOLlVpyTmER3anR-RXPFHCtlcdiJKdjAZFJ5UQUXQ3,青岛家庭聚集性疫情已达3起 一家庭聚餐致5人感染,2020年2月4日,青岛新闻网
https://www.sogou.com/link?url=DSOYnZeCC_oCqSRGNpwBf3JVokovrOPqTiY2dR2tSpMYKfdSjHB-e7EBRKx5BO-I35x8Jlr_njGVEEENxsXZJNM7Xe6uZ5eq,广西举行疫情防控工作新闻发布会“抗疫”人员感染算工伤 社保、信访...,2020年2月3日,广西壮族自治区政府
https://www.sogou.com/link?url=TdXYaTdl0k5Z4IXrL9YIQSdQRoztLvNXb2CpxcKMZi7GsHAy8PkFmvG-cZaPCLOCBDQF6OSYM1QS4xK4iUlINCqeKymcvFjIri2jTBr9OJ8.,北流老人因疫情感染晕倒?真相是.......,2020年2月3日,广西新闻网
https://www.sogou.com/link?url=6IqLFeTuIygluU1pUSdMiDe1DoGi43lt3x1kDDWVwZ3_v80ptgr4UIgu13QPQQPD6TNCU_pYvBDudQ8Gr3jo9g..,新型冠状病毒感染肺炎疫情:已确认存在人传人和医务人员感染,2020年1月21日,深圳新闻网
https://www.sogou.com/link?url=6YUuC6e6hWYDxIKUZ1EwomoD9oEem1Ey6Hr1YnUSPzT1W8eD5aa5XeS31B-vujRGIeZ8aQ291kY.,"乌克兰和摩尔多瓦发生非洲猪瘟疫情,疫情感染源头未知!_行业要闻_...",2019年8月12日,猪e网
https://www.sogou.com/link?url=DSOYnZeCC_rz88Xns-EirOw4s4F3FfjOozESCw-EcoNLF4QIfzwt3A7Nz6E4m9U8tsCnpVGpPpA.,泰国登革热疫情严重 曼谷辖区逾1500人被感染,2019年5月15日,中国侨网
https://www.sogou.com/link?url=DSOYnZeCC_pK3Ku9k1grOsrc99xuLZexEkN0DCkMiGJXsbCGAf_jajUK9Cj7wiZLUE3koJBTOvzxY0HPqX2sJq3mlRzfPLR2,国内勒索病毒疫情 每天感染量高达10-15万台电脑,2018年4月11日,TechWeb
https://www.sogou.com/link?url=DSOYnZeCC_pK3Ku9k1grOsrc99xuLZex23r3iO1HAqN8awGi2u0Tl9AVWQ6clfSIyzwruIcqQL-2wKelUak-kA..,国内勒索病毒疫情:每天感染量高达10-15万台电脑,2018年4月10日,TechWeb
https://www.sogou.com/link?url=6IqLFeTuIyhkQ4R6t2G-k7v99meUD-UT6W35gh2NomczcSsh-0zrUAcq_67XeGBXreaVHN88tHY.,美大肠杆菌疫情严峻 121人感染1人死亡,2018年5月4日,99健康网
https://www.sogou.com/link?url=6IqLFeTuIygjLvWUVUhgItIUgJod59ZyHGpJIl_h53xq_1Qa1c-sVyIElBjhgVHj0ztd7q5nl6o.,美大肠杆菌疫情加剧121人感染 加州现首起死亡病例,2018年5月3日,东方网
https://www.sogou.com/link?url=6IqLFeTuIyhqNZ8db0iglyfm2NOQ8O7gt-WKm5W1mNhysVy3nC8gta4to0wa_Tif,国内勒索病毒疫情严重 每天十多万台电脑被感染,2018年4月10日,天极网
https://www.sogou.com/link?url=hedJjaC291OcJKxWj1WkKiJZkX8iPQXXwFZKP0woFUS8FHIkEPUqR0_GnuY-DgL-iZA36U7JRaM.,"“全家都感染了!”印度疫情冲击波:中企一边苦恼爆单,一边担忧弃单",2021年4月28日,证券时报网
https://www.sogou.com/link?url=DSOYnZeCC_pDd7rW5m0P4aoKbNF5ZJHzLkKFcXaAOpq5ntQ0MdqGjAhB2aJTty2FsbAfBi_OxMm_m0BNujy6bM_fE_qQkO2P,学校疫情暴发有新标准 青岛未现二次感染,2009年12月2日,青岛新闻网
https://www.sogou.com/link?url=LeoKdSZoUyBrJFhS6qoMxCdQRoztLvNXY2rXP7hYqDI5NaXsBM3vpoeCRaN6PbQuXCTODNtft7Yh5nxpDb3WRg..,成都科学处置1例境外输入无症状感染疫情 1660人核酸检测均为阴性,2020年11月17日,人民网四川频道
https://www.sogou.com/link?url=ocWV09y9H2SLbcv31XsLW7X2dg0f8GDSFpLaeNZrBwt3G78b9ObMjWrGn8SsX4YnfIyznQzGj5A4d2X6F0SQYA..,韩连续4天单日新增病例过百!首都圈教会群聚感染事件频发致疫情反弹,2020年8月17日,人民网
https://www.sogou.com/link?url=DSOYnZeCC_oFmTickJ_wj-9UtgljQJRB2dP7o5Zhtk9B9Ai4-Pe7Iw..,李兰娟回应印度疫情是否波及中国,21小时前,搜狐
https://www.sogou.com/link?url=hedJjaC291MOMYl68lMLe1uH35-sraRt9gEe7-D9K6RPLaJ6kOUlZO0nCkOjaGKFugb420rMbyk.,青岛疫情追踪:所有确诊病例和无症状感染者均与医院高度关联,2020年10月13日,光明网
https://www.sogou.com/link?url=hedJjaC291MgZC_YWLWLoBTBnfyxJVLp49Xnt3ADrew8mj_ozG8Tl8ETFz2oVU-eOHdl-hdEkGA.,美科学家:第一波疫情中产生的抗体或对变异新冠病毒无效,2020年12月28日,网易科技
https://www.sogou.com/link?url=DSOYnZeCC_pwPuBML45MeOdImszqKcb1aJrgRIXUqR4gwhSbUDzDnlLnyOb-Z0Nv,"北京迅速控制疫情,特朗普粉丝暴怒",2020年7月7日,环球网
https://www.sogou.com/link?url=CrexC2hj5_4Ww6FUtiwKerX2dg0f8GDSFpLaeNZrBwuyXUtY5Xn5IiFgb1MXXGn7nYJY9CiddcPTO13urmeXqg..,出游季节临近!日本多地的新冠感染病例激增 专家担心疫情反弹,2021年3月26日,人民网
https://www.sogou.com/link?url=1N5bSpvo44MD-PVtw1DyBiKVsBuEgot-iD1yq9LGI3T-WdYHM__DkMqs6pcaBlgP0Brh5OsUkV4.,“全家都感染了!”印度疫情冲击波:中企一边苦恼爆单 一边担忧弃单,2021年4月28日,东方财富网
https://www.sogou.com/link?url=DSOYnZeCC_ppBS_qGF6_FewnUsPe1K4KiRDke5Z7t2kh2CGBkYBp_ME3aciJIggn3NEDNMrZvTuuLaNMGv04nw..,感染风险高!疫情阻滞残奥会分级判定 运动员参赛或受影响,2021年3月16日,参考消息网
https://www.sogou.com/link?url=DSOYnZeCC_oiMWonooK_poTbtRIfRTtBd10SnfPV8b0uO4gOnnoa1IkkN2c5iL01mDSSJ0xcSZSNXwXXT-s2Aw..,8天9人确诊 台湾桃园医院群聚感染疫情濒临失控,2021年1月20日,中国台湾网
https://www.sogou.com/link?url=6IqLFeTuIyjIckcMPcYQOZDkkZiN4PRIrPyq5t2Vy7Pfx0BY497zyQ7Eo6h5Jz220Brh5OsUkV4.,"陕西疾控最新提醒!我省出现多起病毒感染疫情,有这些症状别去上学!",2020年11月28日,西部网
https://www.sogou.com/link?url=6IqLFeTuIyh3wWeSLmMeBUtW67FUo8WyK6zi2swwrSAda1SqmElqctDZcIrtxfO8lKPGwpAgIsE.,"全球首次发现人感染H5N8亚型禽流感,该如何做好疫情防控?",2021年2月23日,科学网
https://www.sogou.com/link?url=hedJjaC291PV1ah4fdlYbT0K-io5ZP9s4EoVnYkvBBO7W6CFiFi7AVh9RVXUjc5PSnyDZkAXO28.,北京顺义此次疫情来源为12月26日报告的境外输入无症状感染者,2020年12月30日,观察者网
https://www.sogou.com/link?url=hedJjaC291Nst49khGrT_PoaGmdc-ICsJFY0jM6YA99lbZlkJEE8KCHmfGkNvdZG,印度新增32万例莫迪家人感染去世 印度疫情最新消息,2021年4月28日,至诚新闻
https://www.sogou.com/link?url=DSOYnZeCC_pseB1YArZmG3vvUgLjuB94skt6Q7xL6_2wt8qYA5e4zMKBbOEsYcfZ1cfdWGHPEwN729GyvZbwXrbAp6VRqT6Q,"台媒:“社区感染”拉警报,该“枪毙”的到底是谁?名嘴暴怒拍桌",4小时前,台海网
https://www.sogou.com/link?url=hedJjaC291NR7c-KzNo1NPcNwXXI8L4D8FWtEKi3qBOfB3XPXik1wqUbUng8LYvb3yrtM8DEKhVaP9gHnAeM4_R9fc5UJjFkri2jTBr9OJ8.,"医生、药店人员确诊!一地出现超级传播者,感染44人……",2021年1月5日,健康界
https://www.sogou.com/link?url=hedJjaC291McObjG41-ZJmRPOCbvRytcjR5n7FzHo_LQGuHk6xSRXg..,疫情:和疫情相关的精彩内容推荐_四海网,21小时前,四海网
https://www.sogou.com/link?url=hedJjaC291MOHImlfMvAODeQh9RPnUSuwtblb-9F2pK9B4ggr_jbN1FkIHyJRyl_4_Xy4j97FZvKN6zPt_81E1YAEhP0C4rZ,"本土110人感染,石家庄紧急封城!疫情警报,谁是“元凶”?",2021年1月8日,新浪财经网
https://www.sogou.com/link?url=1N5bSpvo44PK5OU8FgMNIAPT9lK_n5UQQyhdNyv7-n_oFt1E0YpYgOs8tOmfpVwrIfA8UW7XErW4XxNacMgkEdM7Xe6uZ5eq,"告急!感染病例连日攀升,疫苗接种率仅2.2%,日本近6成民众呼吁停...",2021年5月10日,新浪财经
https://www.sogou.com/link?url=DSOYnZeCC_rOYJpgJHKaOR4u9orODvcvCH36lasmz6XRFWNWs79jvyHmfGkNvdZG,"每秒近4人感染!这里疫情不断恶化,引发股市抛售、资本外逃,成亚...",2021年4月28日,中财网
https://www.sogou.com/link?url=DSOYnZeCC_oanIf0qL9zdWuAY0g7zEawYt6jx75zd4Ih8Hg5czBGJ4Q3xn_xO9bQoRFriAWkbejYJsiff4BrW1FYy4UzuSQohr6Zo55nv2g9YJac82FQDiRN5owqHVX-TlVll6skxY8.,新型冠状病毒感染肺炎疫情当前防控工作,2021年4月22日,中国普法网
https://www.sogou.com/link?url=6IqLFeTuIyg2c4X0YJoCz3cDSnNkSgqlH4jjKv9iovwIVfGUJdLLpNM7Xe6uZ5eq,西班牙发生一起SARS-COV-2病毒感染疫情,2021年3月30日,食品伙伴网
https://www.sogou.com/link?url=6IqLFeTuIyi4Kdmjsn7pFhKNzv2PC0OM3x1kDDWVwZ1m8drka6TyeoJIUPkxhpNOLzSZXmlb2dKdfGhcDk6qDQ..,陕西疾控最新提醒!我省出现多起病毒感染疫情 有这些症状别去上学,2020年11月29日,西安新闻网
https://www.sogou.com/link?url=DSOYnZeCC_pdBNGzXnWc0x7EEoO9eXzlsJ5fzqmXxGdcW4uxpFwYMkn7mmTZ7xXOqb5tQ6I3hcM.,感染激增、疫苗短缺、“民主制度”失灵 印度疫情肆虐惨状堪比人间炼...,2021年4月25日,乌有之乡
https://www.sogou.com/link?url=DSOYnZeCC_q0uCLzgvaArLCNchvJWvSPdKI_OnP-VNRFa-LkYvNjCQ..,"司法部:全国有五个监狱罪犯感染疫情,无在押罪犯死亡",2021-4-27,盐城市监察委员会
https://www.sogou.com/link?url=hedJjaC291Mx_vqZM6Ma7R5Gt9GsU8_YzKefexp6uyYeiV4822V8NFLv1fh65k__kzaPZqTNg0HcnLXg1H9NOQ..,黑龙江最新疫情通报-东北网黑龙江-东北网,7小时前,东北网
https://www.sogou.com/link?url=DSOYnZeCC_oqNvL93aOFNVzO0ndZ1zaPr740cvlzQHtkNKZO2QYHsq3mlRzfPLR2,"疫情通报|广东省新增境外输入确诊病例8例,新增境外输入无症状感染...",6小时前,佛山在线
https://www.sogou.com/link?url=DSOYnZeCC_qK4EIku4cKCnB1wb4wx1zDo7x8hQGPNq7-ukuBPedXrBgmFbWVRTn6atk2rSCDL9oh5nxpDb3WRg..,"印度男子杀害感染新冠妻子后跳楼:新冠疫情失控,惨剧在印度不断上演",2021年4月28日,海峡网
https://www.sogou.com/link?url=hedJjaC291Np6Wc5Mz90GyMnTFEG36z8RkHOrnYqFlHPwnm4emDeeqCfjFS1STqz,多国再现聚集性感染 疫情恶化美政府复课计划遭批,2020年7月13日,健康一线
https://www.sogou.com/link?url=hedJjaC291MkthyjO5Jk2nTUQUYSOYPrUQlghc8AIyDbJtuVSrZyzK3mlRzfPLR2,已有7亿人感染新冠?全球疫情反扑形势严峻,2020年10月10日,复禾健康
https://www.sogou.com/link?url=DSOYnZeCC_oRvkdEOyk2EDL2RJWzAevKau3ppYPSwV_Hz2W81YfgdWZ0djBho6nFtsCnpVGpPpA.,往返途中感染算不算工伤?返岗因疫情滞留算旷工吗?答案来了!,2021年1月27日,岳阳市人民政府
https://www.sogou.com/link?url=6IqLFeTuIyioeMnmmX_AsL8C7nzcM_JECR0ZcYbLSTj45bRX-dbi6bbAp6VRqT6Q,台湾华航机师感染新冠疫情扩大 新增2人确诊,2021年4月27日,民航资源网
https://www.sogou.com/link?url=NdaMVEDuTuUrWevkdNlBrHCCPVCqv2qai5XFL6ZaU4MhsSv4voEURuBPTqT7a9kuZQT3ggATmALTO13urmeXqg..,"华春莹:美流感已致1900万人感染,1万多人死亡,比例高于中国疫情",2020年2月6日,中国网
https://www.sogou.com/link?url=CrexC2hj5_5F9sNErJKgsCdQRoztLvNXY2rXP7hYqDJdt6Fr_6w-PdjqoaZ0Sb-v9R9y8HQoboch5nxpDb3WRg..,60天零感染的背后|长白山疫情防控纪实,2020年3月15日,人民网
https://www.sogou.com/link?url=hedJjaC291PxBR9ggPArXE1-eCVuGJDxJJVNFWbCGk8qa4Yj5Pw1UQKOK8eFw21iBkUnlRBRdDc.,武汉成立新型冠状病毒感染肺炎疫情防控指挥部,2020年1月21日,光明网
https://www.sogou.com/link?url=a8xlm0X2uvd7-u-nR9n-upU2WhLNU-EkWxeQDWjy8IMXCM_ucfcKlRmfy_uj9Gr_VZcPJIARumM4d2X6F0SQYA..,"以疫情信息为导向,全面加强防控一线工作",2020年2月13日,人民网
https://www.sogou.com/link?url=6YUuC6e6hWbwMPv1M2AD4T0ZIhs6-p6vpU3Nb-7mVsXOka-wP8ercTVM_JICkByi_y1FVUPyLAe6pJHhWvXhQE60NKitBDk9FdY_-r5s8u-8sZQAFWYrFo0qT3d00H9rdJNfocC4pZU.,疫情新热点·专家来解读 - 中国日报网,2020年3月3日,中国日报网
https://www.sogou.com/link?url=hedJjaC291OH_yWoBwxNUiv1EsBWL7s6XSO_sXrNoX7_Y0hSzCnh-xGKR2dbZ2dTnXxoXA5Oqg0.,"防控疫情,从自我保护做起",2020年2月14日,光明网
https://www.sogou.com/link?url=hedJjaC291MgLZyvY9TA8-A9UTWGHaeHZOQ-qLz_n_BSx_xZLhmrwiLnwssbU2n_7I4WXPdoKkDJf6LK0r3qSdAt231USN9lreaVHN88tHY.,儿童感染增多 是疫情发展的阶段性体现,2020年1月27日,中国日报网
https://www.sogou.com/link?url=DSOYnZeCC_ppBS_qGF6_FewnUsPe1K4Kit0BS9uNjLkvbwLg-4SHbdkbuuUevNJmK3JFZfFjz7at5pUc3zy0dg..,亚洲多国疫情蔓延牵动人心 韩国惊现“超级传播者”,2020年2月21日,参考消息网
https://www.sogou.com/link?url=DSOYnZeCC_q1n7CNRFvLhsiYzUu7csk2BHO2Ofx9ahi0V0jXdRGXSDZw2oKzLkZCXDKNboYZ8iovISSgFMwtXSHmfGkNvdZG,"抗击疫情,今天有这些重要消息【1月30日】",2020年1月30日,中国经济网
https://www.sogou.com/link?url=hedJjaC291P0-qYe_PkKb0UmYNd42pkf1YPPHpynqVoyEISCeH3i0BxMYMRPVDv2,武汉到底有多少人感染?方舱医院靠谱吗?疫情何时现“拐点”?白岩...,2020年2月6日,环球网
https://www.sogou.com/link?url=B7ss7T7Ay4n2i4C4AllVLWEz50Eel1PEAWq_-EJxrzqgQ_gbKBCsgqzPWjPT3u-01GpnjxGCb3EC4i0EtoxHrJo8zm1S9E7pvB94c2-iahU.,多国政要点赞中国抗击新型冠状病毒感染肺炎疫情所做努力,2020年2月4日,光明数字报
https://www.sogou.com/link?url=hedJjaC291PvR8brjtgUN01-eCVuGJDxVlhNh8q6FTQqa4Yj5Pw1UQ4uxFHC_Cq-BkUnlRBRdDc.,严防新型冠状病毒感染的肺炎疫情跨境传播,2020年1月26日,光明网
https://www.sogou.com/link?url=DSOYnZeCC_qWCbTkAmrohNv9YEzZYCmhaq292hRNEEJWWE2HyroVND5H0PRM9qMbaPt-RYismY0.,重庆:落实一级响应全力防控疫情,2020年1月26日,新华网重庆频道
https://www.sogou.com/link?url=6IqLFeTuIyhAPC-mPayEBIAGihkrFI0bV20xTBcM23AvhxXBFWNGqBJaJRUEz_dHvB94c2-iahU.,多地全力防控新型冠状病毒感染肺炎疫情,2020年1月23日,中国证券网
https://www.sogou.com/link?url=hedJjaC291PvR8brjtgUN01-eCVuGJDxRSfTppKsRPEqa4Yj5Pw1UemA-Pybw-OMBkUnlRBRdDc.,三省5个监狱发生集体感染疫情?公安部:及时救治并严格追责问责,2020年2月21日,光明网
https://www.sogou.com/link?url=hedJjaC291P33igiXMgxhJ-gcV5PLQGwk-M865mhWgPo8Txh-yQqyNypjzbIKN1zOHdl-hdEkGA.,加强新型冠状病毒感染疫情防控 教育部通知延期开学,2020年1月28日,金投网
https://www.sogou.com/link?url=hedJjaC291P_5IrMAppx1GagZn8A5zHCrnilvTOuwmk4cb8NPT4REvCjp9fJhDFQ,韩国海军突发舰上大规模新冠疫情:同一艘登陆舰33人确诊感染,2021年4月23日,环球网
https://www.sogou.com/link?url=hedJjaC291PgR0fOEN9U5_szQbOaXaXEJ1BGjO0u81cKofprJbc3YaevW9yf38wFSAbCHTSttXRsqRmrNwO-HMfBXB-tarbJtsCnpVGpPpA.,印度第二波新冠疫情来势凶猛 感染人数再激增 氧气等医疗资源告急,2021年4月22日,中国日报网
https://www.sogou.com/link?url=DSOYnZeCC_oC5lSDvuIn7YRPrUGUdLVVN5CH1E-dRK7AVko_TCgVRFK5HYPEHGqE7GSQk4NpIQMbJFNEAaYXgIPQIWOXmFX-IeZ8aQ291kY.,印度第二波新冠疫情来势凶猛 感染人数再激增 氧气等医疗资源告急,2021年4月22日,中国日报网
https://www.sogou.com/link?url=DSOYnZeCC_qKhjBqSbRe5zTg25ETSCAEAFbcVKnbE5T5m7hn6uggo3_hcuqSRE85,最新海外疫情:新冠感染超2835万 累计死亡超91万,2020年9月12日,财新网
https://www.sogou.com/link?url=6YUuC6e6hWa0MpnQQhTB0upxfDvT-KIlpMoJfdn887TdQ-mJM_hcA0TGj1GbVjrUri2jTBr9OJ8.,最新海外疫情:新冠感染超2133万 累计死亡超76.6万,2020年8月16日,财新网
https://www.sogou.com/link?url=hedJjaC291OsUSIL9IOblSg-42J6HhAvxKXiVMEZSTwkBSIx9gHGUcWPMPg5fKjtA9FMU6NVEXMttBTEAJwBJOc_6aXnAuEgiZA36U7JRaM.,欧洲疫情卷土重来 年轻人成感染“主力军”,2020年8月14日,英语点津
https://www.sogou.com/link?url=X4Yt6GhHd2q8WZXLGQo2NoH5KZrsJ-oXz8tZTuxuKY26FIUPZQeXUqPCPj_vdhJBAkj71oTlKnInVKskOZ19ICnP_WF803d1OHdl-hdEkGA.,欧洲疫情卷土重来 年轻人成感染“主力军”,2020年8月14日,英语点津
https://www.sogou.com/link?url=hedJjaC291P0-qYe_PkKb0UmYNd42pkfFqGOuZxHwElOI3Yltv53BMyWaan0Nm1Y,"美23州现沙门氏菌疫情:数百人感染,菌株来源不明",2020年7月27日,环球网
https://www.sogou.com/link?url=hedJjaC291NrO_hNHe4v-1USdej_K3jDursRJg95bcv3Lx014OoeJHOKHU4mxnZH0ztd7q5nl6o.,因疫情感染人数激增 美国最大电影院线推迟复业,2020年6月30日,网易娱乐
https://www.sogou.com/link?url=1N5bSpvo44OdCJug_FPVc367ej789vPmST6EPlPRyxJj640JRolpSVexigOMquttZdxX4rkQ3Oc.,全球疫情最新消息!全球新冠病毒感染人数突破706万 美国累计确诊超...,2020年6月8日,金融界
https://www.sogou.com/link?url=BluioFHAuoFwiuDC-LIkk9Wpy_N1Zqph9knj9No9Am1XtQwA7Ri19LdCbP_hNpT9z5UgagmzI6euLaNMGv04nw..,铜陵公安部署新型冠状病毒感染疫情防控工作,2020年1月27日,中安在线
https://www.sogou.com/link?url=DSOYnZeCC_rvYkkzs-0i4mSCFb1pCitWfMREeoWXCYh7Hy24zHmwUvXlqJiR2x_O3CH4Mn6ZJhXTO13urmeXqg..,黑龙江省应对新型冠状病毒感染肺炎疫情指挥部第2号公告,2020年1月30日,黑龙江省人民政府
https://www.sogou.com/link?url=DSOYnZeCC_pzVQ0AktXLQH6WNRXnmuEAAat-DPdG5jTz4wceLzCbpzdO5F8yDr5Vv_4qGmGEdHQ.,"疫情之后,我们应该做点什么?",2020年3月2日,千家网
https://www.sogou.com/link?url=DSOYnZeCC_oanIf0qL9zdWuAY0g7zEawYt6jx75zd4Ih8Hg5czBGJ4Q3xn_xO9bQoRFriAWkbeiKmWuCnp10AzwbAVHTzZ4EbxlgceNUvl5nMTPPmoLM0W0CrAWvlos8,内蒙古:疫情防控典型案例⑩感染者故意传染给他人,2020年2月13日,中国普法网
https://www.sogou.com/link?url=6IqLFeTuIyguqn0Ft6QJxiHWD_uItetqsAq0jic95iquo-JGXeY563m-7qIdN18qIeZ8aQ291kY.,白岩松专访:武汉到底有多少人感染?疫情何时现“拐点”?,2020年2月6日,名城新闻网
https://www.sogou.com/link?url=DSOYnZeCC_rJ3V_nyruElElqAmoJJManPdWO6z8lWUTA8wbHBqXjy9Nea1X8fDmEIMMCf5TGZxW9qunQNtCwR2FUGMlaCncF,"率先提出武汉“封城”!这位中国感染病学科唯一女院士,不惧疫情,...",2020年3月5日,大众网
https://www.sogou.com/link?url=58p16RfDRLuk2mU-b50fB_GAKHZRnahNzyYdjJEuL8RtGKgyot5yUADZMYH0AfvTPPO8EI-LGvuH32ag7zXaia3mlRzfPLR2,黑龙江通报人感染炭疽疫情防控情况:14名病患中1人已出院,2018年8月10日,新浪
https://www.sogou.com/link?url=a8xlm0X2uvfLcu5iFmmmwSdw3gnRoylzhjpVevVgk62cDYCCoQ0PuRg16qeE2FY2D-AZDuAO_ai558m38F7kdiHmfGkNvdZG,为逃避赡养责任竟谎报老人感染疫情?西青警方:最该被“隔离”的是你,2020年2月19日,新浪天津
https://www.sogou.com/link?url=hedJjaC291OlpgC9Xi0jnn8Ys2t2oBkvOyZgTQ5tx4Hm_L-NjseTHqlzuZWM0CdRtsCnpVGpPpA.,"家庭聚集性疫情需高度关注:重庆一家庭聚餐聚会,5人被传染",2020年2月1日,上游新闻网
https://www.sogou.com/link?url=DSOYnZeCC_rm1hKHim3gN7Mi8c6tLJEtzhbxSKDE-WVOfbjC5PB38GexYtdIWMwlf7553m1rY37loCDh0wKqleGUT_UxcB68D5VYaXqiQhCEFfdGWKrLcdM7Xe6uZ5eq,彭清华主持召开省委应对疫情工作领导小组会议强调,2020年2月2日,四川省人民政府
https://www.sogou.com/link?url=hedJjaC291NpfjleHbQLMwPT9lK_n5UQ1Fvn9HX0a48yOP4jhyd9-R9yxy1b5VtKEgeUCvdCdAKbdprm660UOVuhcFUrXh-gZdxX4rkQ3Oc.,7天时间内7人被确诊感染!新冠疫情在NBA扩散,2020年3月18日,新浪
https://www.sogou.com/link?url=DSOYnZeCC_qaBOTFv-fa6gzpJ6sAaWOUJhF6vhaiw6VmyUybUpcch_sxOv6nEjn6VxZrhMckjPoojZxFkVNKbA..,疫情防控最新进展及关爱医务人员举措新闻发布会,2020年2月14日,国务院新闻办公室
https://www.sogou.com/link?url=DSOYnZeCC_q-Uqsc5Wv42vqBN6lOadP5ex8tuMx5sFLiIU63WlJu3XASFLzQoqc2ri2jTBr9OJ8.,避免感染!加强一线疫情防控人员自我保护,2020年2月4日,千华网
https://www.sogou.com/link?url=DSOYnZeCC_rm1hKHim3gN7Mi8c6tLJEt97bigGCT1ImZM77hqDlYiKfVAD4bKo2jCYN_qPh9fNeKx5Etj_xn4RFsB3TZRpLlbxK03DqgqaJfm6mDEB9Sm9M7Xe6uZ5eq,甘孜州委应对新型冠状病毒感染肺炎疫情工作领导小组第3次会议暨指...,2020年2月9日,四川省人民政府
https://www.sogou.com/link?url=DSOYnZeCC_oDMCyt3FaViWQJ6AJM-tu1ad9vmD-6FSEYUXpnAfN89bUXY4Agq5m7j854VofDOPet5pUc3zy0dg..,我省各地各部门全力抗击新型冠状病毒感染的肺炎疫情,2020年1月28日,甘肃省人民政府
https://www.sogou.com/link?url=DSOYnZeCC_r2xlYquXTCNuAnoKbg_9kh_2NIUswp4fs7JmBNDm3HgcGaM2TpT6IpfCxUTE4t28xNYNwZDtx1NA..,安徽滁州市市场监管局对新型冠状病毒感染疫情防控工作进行暗访督查,2020年2月1日,中国质量新闻网
https://www.sogou.com/link?url=DSOYnZeCC_p1wKlwqjPeOqgmzwRTfhvx0HnCNm7LZUtfKR5UYNaaDvyYo2uIVQXUH3VNYf1pewO2wKelUak-kA..,部署新型冠状病毒感染的肺炎疫情防控工作,2020年1月23日,宁夏新闻网
https://www.sogou.com/link?url=6YUuC6e6hWZ0hPBiPNkz2R-jaUsqRArAex8tuMx5sFJFUMNxH5W4etf_jjRelbT4ri2jTBr9OJ8.,全国5监狱发生罪犯感染疫情 司法部:汲取教训防止疫情扩散,2020年2月22日,千龙网
https://www.sogou.com/link?url=hedJjaC291OuUWyzEjFsv_fXezRLsC2z0gwapSGyhCbs-682JOgnuQZFJ5UQUXQ3,印度疫情蔓延至动物!首次发现动物园8头狮子被感染:已停止开放,2021年5月4日,驱动之家
https://www.sogou.com/link?url=hedJjaC291NbERAlaFPjTx_xKr3q4kgiosoXzg8mFYn8c1a4J-c0XgfbUz8Lj5bw,"印度疫情全面失控,超70%患者感染超级变种B.1.617",2021年4月26日,分析测试百科网
https://www.sogou.com/link?url=LeoKdSZoUyCGQ9zp1CvSrxTbAvmjC6sgAunU6JWLF-9G7P2bNT8PLiFgN9mw5B2rFedKF0fXUa8h5nxpDb3WRg..,又出院5例!截至4月18日 瑞丽本轮疫情感染病例已累计出院26例,2021年4月18日,云南网
https://www.sogou.com/link?url=hedJjaC291OEkOgLHzjfJEKCQsLDbATH4Wo8BlzbJ_q9tBqxYe_nhg0wCmdQNwVYreaVHN88tHY.,由于新冠疫情感染数量激增,2021-3-29,云财经网
https://www.sogou.com/link?url=a8xlm0X2uvcdnlJPSXuZTgBxmml_4SquPKTx9G0yryv7paVGkl7TiyvfCc8u_tgS6hIPn4xLbGmuLaNMGv04nw..,乱上加乱!刚果东部暴发新一轮埃博拉疫情 一女子死亡其丈夫曾感染后...,2021年2月8日,头条前瞻
https://www.sogou.com/link?url=DSOYnZeCC_qMoFmapqLVua-gplI1zKeCzNDj6600UOCl0wmteh0eq9M7Xe6uZ5eq,"1月11日疫情速递 | 北京一家七口感染,密接者432人;石家庄俩确诊...",2021年1月11日,经济观察网
https://www.sogou.com/link?url=DSOYnZeCC_pDd7rW5m0P4aoKbNF5ZJHzeTre6z6XgtTfHWQMNZXBnUQtQK5sB7IhJv1jPR0zI1VmUo0fYKCkuiHZXELa2_p6,青岛早知道|胶州疫情查清!病毒污染冷链产品引发的感染 八大关限行...,2020年12月12日,青岛新闻网
https://www.sogou.com/link?url=6IqLFeTuIyhRqUtdMiSb_u1e19vgy-M2xYrdyS6mXiol978Yq5lGWK4to0wa_Tif,天津两中风险区降为低风险 天津疫情感染源是什么?,2020年11月25日,至诚新闻
https://www.sogou.com/link?url=DSOYnZeCC_rXyUPtuG__bWLzMu7haH5rQdag4_tiZicfeqmGFEXZF7iWR6wKy3yPreaVHN88tHY.,国际疫情|美国新冠感染人数超190万 死亡逼近11万例,2020年6月7日,安徽网
https://www.sogou.com/link?url=NdaMVEDuTuX9xb92uPSWDLsjmZ9Cp0bKqlVEdVJVjFoIC1_WfSi2z3OPwJFaMtFimoScrKVvd1O2wKelUak-kA..,王文涛:深刻汲取哈尔滨聚集性疫情反弹教训 做好医护人员防护坚决防...,2020年4月17日,人民网
https://www.sogou.com/link?url=DSOYnZeCC_oDe59Ta8WgeIscsKoT-byZIIkXrqQjH3aQL44-gn8aIQ4LaEIYXYw0OHdl-hdEkGA.,5所监狱发生疫情 其他监狱没有发生罪犯感染疫情,2020年2月27日,中国新闻网
https://www.sogou.com/link?url=TdXYaTdl0k4WNgO6i8zd-ZU2WhLNU-EkWxeQDWjy8IMsoZJhcCveBJ37X72VIRK-vBAG9sNOM7TQGuHk6xSRXg..,司法部回应3省5个监狱感染疫情,2020年2月21日,人民网
https://www.sogou.com/link?url=MRoBrhLn5VMDAG1vc1UjUSdQRoztLvNXY2rXP7hYqDIGsXaJCWdKisFz1aifdwnEvelB66X8iU0h5nxpDb3WRg..,甘肃省妥善安置湖北籍滞留游客 39人目前均无疫情感染报告,2020年1月31日,人民网甘肃视窗
https://www.sogou.com/link?url=hedJjaC291MOMYl68lMLe1uH35-sraRtV_j8Of5JeQZAWhhKuXRn-UZGj4I0qPTGJUkHiPhNSCc.,"隔绝疫情,不隔真情——新型冠状病毒感染的肺炎疫情防控焦点扫描之六",2020年1月30日,光明网
https://www.sogou.com/link?url=DSOYnZeCC_pxX8sfsIae4tv9YEzZYCmhaq292hRNEEIHjdvh8Xkew7JuQ8X4Sz76X-N_tlO2H_w.,打一场疫情防控的人民战争——全国新型冠状病毒感染的肺炎疫情防控...,2020年1月27日,新华网
https://www.sogou.com/link?url=DSOYnZeCC_rw3FeiQSW_gmQJ6AJM-tu16Qcq9XsqOUqzT6m4fSnQtv2zaVhHAETs4Ta1NdI0FWUiCKW5Ans_oBCVt2C07eBX,国务院联防联控机制:落实常态化疫情防控要求进一步加强医疗机构感...,2020年5月1日,国家中医药管理局
https://www.sogou.com/link?url=DSOYnZeCC_rXyUPtuG__bWLzMu7haH5rQdag4_tiZieDh5HkVHI84FZNRWxH-ymOreaVHN88tHY.,国际疫情|美国新冠病毒感染病例超96万 死亡54614例,2020年4月27日,安徽网
https://www.sogou.com/link?url=6YUuC6e6hWYOgsqScsx8mMAkAi7_TvDZ8-MHHi8wm6fu7-JMmnMYx0XeCzEmC_Gn0-Bubt8xQQgh5nxpDb3WRg..,"在“疫情”前线,他将被感染的风险留给自己——记重庆市酉阳县公安...",2020年2月11日,华龙网
https://www.sogou.com/link?url=DSOYnZeCC_q0y-VMEyhFYTS57of9O74OZ0xPP37Zem-QL44-gn8aIZiIVyL3Jcq6xRGbvjKM6xq2wKelUak-kA..,筑牢阻击疫情的坚强防线——青海打响新型冠状病毒感染的肺炎疫情防...,2020年2月8日,青海省人民政府网
https://www.sogou.com/link?url=MRoBrhLn5VMCllags6HJ6tJB1SX0QF7kAunU6JWLF-_ZaRyRQ3U50Y-QeHAfiwzAeE7VCIt2-DUh5nxpDb3WRg..,人人参与 打好疫情防控阻击战——兰州市抗击新型冠状病毒感染的肺炎...,2020年2月7日,中国甘肃网
https://www.sogou.com/link?url=hedJjaC291MmSV92OYHO0u-WRi-w79x5Rh6uEc5IpHunhxtn71ncgbmhe2OXWQA5Me9cBskuxcOQXRsfEdYUIK4to0wa_Tif,"战疫情,我们众志成城 ——临泉县黄岭镇教育系统深入开展新型冠状...",2020年2月4日,中国教育在线
https://www.sogou.com/link?url=DSOYnZeCC_qqsQMulblWRfs8JiY5pi3VLL7rKTLCg7kfG3DqiSKP14pZxELRmoZIhTqLw-aMG3s.,银保监会:财产保险业要优先赔付受疫情感染的客户,2020年2月3日,中国经营网
https://www.sogou.com/link?url=DSOYnZeCC_p9pPiB6CupGWQJ6AJM-tu10eyjcaITQwpMHJ3BalcX3h3sdbvLElietLZ6gG6u4xnUjrdcLNUqyyrHw585rVdA,李乐成督导襄阳疫情防控强调做好群防群治 严防社区感染,2020年2月1日,湖北省人民政府
https://www.sogou.com/link?url=DSOYnZeCC_qc3uXEuciSMrZT6dN7MzXEAunU6JWLF-_ZaRyRQ3U50S7aH01x0V1Ec0MXY8c6gAMh5nxpDb3WRg..,【战疫故事】战疫情!七星关全面阻击——七星关区阻击新型冠状病毒...,2020年2月1日,多彩贵州网
https://www.sogou.com/link?url=MRoBrhLn5VMCllags6HJ6tJB1SX0QF7kAunU6JWLF-9g0S7ztkgMl3e6gounRYvHXMVRQfT_vSIh5nxpDb3WRg..,甘肃省妥善安置湖北籍滞留游客 39人目前均无疫情感染报告,2020年1月31日,中国甘肃网
https://www.sogou.com/link?url=6IqLFeTuIyhMl9npagq-iQGIX46evGWXE9Yi-zX5mQ5Eke8-gmOmidC2JZqSY03jOHdl-hdEkGA.,疫情期间医保政策调整 感染患者用药和医疗服务全进医保目录,2020年1月29日,舜网新闻中心
https://www.sogou.com/link?url=40EjMDkDaLAKiwLYWDP4y3xdvpbNRa2cohjASxKWfKW60bllWGv9abKQAMdoDqTqtsCnpVGpPpA.,【众志成城 防控疫情】新型冠状病毒感染肺炎疫情已致41人死亡,2020年1月25日,山东广播电视台
https://www.sogou.com/link?url=DSOYnZeCC_oiXmT0UG6YHNL3pVkjdjvb3x1kDDWVwZ3_v80ptgr4UCb9Yz0dMyNVPGYdegbVIEicbhuZ6JGlRQ..,疫情存在扩散风险 防控措施全面升级——新型冠状病毒感染肺炎疫情防...,2020年1月22日,泉州网
https://www.sogou.com/link?url=6IqLFeTuIyijH7VOu_K_kVlTpbhzxi7rOYLTk5Gcen9p7VdHyNuDCl3Z4jmMJW8JtsCnpVGpPpA.,突发!股汇双杀 台股一度跌超8% 疫情警戒升级 7例确诊6例源头不明...,1小时前,同花顺财经
https://www.sogou.com/link?url=hedJjaC291NlrwQ__IuIUTLA9BAMBdmMgPU_UXVRqFAMK0mDW-bzkqHq2X4p7Tp0C_cBnaXj71EHU7hqxctVw9ycteDUf005,疫苗短缺、聚集感染或致疫情失控 印度日增新冠病例20万,2021年4月16日,央视网
https://www.sogou.com/link?url=hedJjaC291PVp__-jIKf7-H4zYFqLXcPCdQiJhhZhIVpQWPc-ns2Vl0_AtbDGdjE0ztd7q5nl6o.,"突发!股汇双杀,台股一度跌超8%,疫情警戒升级,7例确诊6例源头...",1小时前,证券之星
https://www.sogou.com/link?url=hedJjaC291PpfZvqNSTIKGgKXHoxsLMMoLhiREDpQC1qJiMdnRNF-7mkrrbsnZIW9NcUp3j_-d6uLaNMGv04nw..,"北京发生野生天鹅H5N8禽流感疫情,会传染给人吗?",2021年2月1日,网易
https://www.sogou.com/link?url=6YUuC6e6hWaZi4-RNvW4dgkUFOZxeof78aqQO81d-OAcqpyhpkIG8mad6di6LOtR19e7QRVKHAgh5nxpDb3WRg..,"破案!北京顺义疫情因印尼输入病例引起,沈阳进入战时状态!全国12...",2020年12月30日,证券时报网
https://www.sogou.com/link?url=DOb0bgH2eKhpe8irMI02JidQRoztLvNXY2rXP7hYqDK7o45CcW9uqPoEUkBMtAz85ka-CNNcR3CuLaNMGv04nw..,顺义局部聚集性疫情源头初步锁定:由印尼境外输入无症状感染者导致,2020年12月30日,人民网
https://www.sogou.com/link?url=hedJjaC291M0lBuFqo4FsdWpy_N1ZqphRKU_vJWf6U9DEQVLcr4QKw..,跨境电商疫情-专注疫情对跨境电商的影响和应对措施-雨果网,2021年1月22日,雨果跨境
https://www.sogou.com/link?url=hedJjaC291MqgQx2yK-lQhWvr5uRn3q2mDUGpyy5V-cW5W1m4rVMj64to0wa_Tif,"印度疫情日益恶化,对于中国意味着什么?",6小时前,虎嗅网
https://www.sogou.com/link?url=a8xlm0X2uvftz9PRkFVSWCr2rJDIKAJ39NbbZDUanE1gje8aHMLJcT3jICpP2r-YpniNrZz9Wfs.,台湾新增7例本地新冠病例 当局宣布“已进入社区感染”,7小时前,东南网
https://www.sogou.com/link?url=DSOYnZeCC_p2ZZskDOyf4xK8P6Sn75JmxClSznJ19cqGkdWXsSjWBRQdAvK9UVF9uYDEBpr3osoU4KqwsL8Z-64to0wa_Tif,十堰市新型冠状病毒感染肺炎疫情防控指挥部通告,2020年12月27日,十堰市政府网
https://www.sogou.com/link?url=DSOYnZeCC_pmCGcCEqaEYBVBXAc9_CZBEZzecyarxaP60VlEizadKN7hk1iZNr3YZdxX4rkQ3Oc.,全球首个“二次感染”病例的出现 意味着什么?,2020年8月25日,看看新闻网
https://www.sogou.com/link?url=DSOYnZeCC_p0k3WNxlXDmeD3caf3AX393481Nd0P0q9UB8-VyNQU7ePYZklQyk510ztd7q5nl6o.,疫情通报|济宁市2021年5月11日0时至24时新冠肺炎疫情情况,6小时前,济宁新闻网
https://www.sogou.com/link?url=DSOYnZeCC_rPCwkYUd3RxoMLw03941ydZ_UIqfPE07SdR7iCxdyEXdM7Xe6uZ5eq,求真观察丨“疫情之下华商太难了”3人编造涉外疫情虚假信息获刑,2小时前,曲阜网
https://www.sogou.com/link?url=hedJjaC291N5KZL3rV3MxDl3I73Rwx8Xwtblb-9F2pLmgti1jAhXes9SkJNO-VQ-BkUnlRBRdDc.,"全球首次发现人感染H5N8亚型禽流感,该如何做好疫情防控?",2021年2月24日,cnBeta
https://www.sogou.com/link?url=hedJjaC291OuUWyzEjFsv_fXezRLsC2zNkFw65eAtk-HbUqm7QajqAZFJ5UQUXQ3,印度男子在港确诊后隐瞒行程:造成至少7人被感染,2021年5月8日,驱动之家
https://www.sogou.com/link?url=DSOYnZeCC_oXsVgYLIWCIa4ZKZXYiA7W9UQ1W-GkxRpvMA-8yIXqbTMwbU2FkrXuIeZ8aQ291kY.,全球疫情通报:多国疫情加速形势严峻 美政府吹嘘防疫成就被指“可笑...,2021-5-5,华夏经纬
https://www.sogou.com/link?url=1N5bSpvo44Od2p1HM9vW24vHxXBoeiA6xE2qbIvW74PrxAGR7MT-PbSeJ1XuzkNDHEC5dF3Fpaoh5nxpDb3WRg..,几乎每100个美国人就有一人感染 美国疫情最新消息今天新增多少,2020年7月14日,深圳热线
https://www.sogou.com/link?url=hedJjaC291PvA3WJHtH_EW0Nwe3A1n_VR28GLfpDUVhxm9h8-EeTOAgZICGO1Vrc9VfE_EyM-v8.,北林区应对新型冠状病毒感染肺炎疫情工作指挥部公告,2021年1月25日,东北网
https://www.sogou.com/link?url=DSOYnZeCC_pBGjX8ZKL2yrAQIkqFWKccdfW2nGElbfgNL31oTsplHbD6f9wqSqEYGK7Pa4XVwtFKtQLBZBGEj0p8g2ZAFztv,"全球首次发现人感染H5N8亚型禽流感,该如何做好疫情防控?",2021年2月23日,中国科技网
https://www.sogou.com/link?url=DSOYnZeCC_pjznN55tXy_RK8P6Sn75Jm3KEpNbI0bjT4KGwiNTjOddM7Xe6uZ5eq,中国宜春_新型冠状病毒感染的肺炎疫情防控,2021年3月30日,宜春市人民政府
https://www.sogou.com/link?url=6YUuC6e6hWYnH3mgRyDrG4RPrUGUdLVVN5CH1E-dRK4d7HW7yxJYnsyMlRyYEE41rAd4iPmG0jBF9IYoUtZb5XzjC4mmwShgIeZ8aQ291kY.,司法部回应3省5个监狱感染疫情:内疚、沉重,2020年2月21日,中国日报网
https://www.sogou.com/link?url=DSOYnZeCC_qKhjBqSbRe5zTg25ETSCAEd69ztnkl3dxLiVfvIB5LTa0YneiF3TQH,无症状感染疫情公布首日新增130例 累计数字未报告,2020年4月1日,财新网
https://www.sogou.com/link?url=DSOYnZeCC_rOfzpEV23QONv9YEzZYCmhaq292hRNEEJmxSyfvrbMDT2QIHLOYDomgUKsaD6DkAw.,"睿思特刊(安徽·1月29日): 一场同学会六人被感染,疫情防控马虎...",2020年1月29日,新华网安徽频道
https://www.sogou.com/link?url=DOb0bgH2eKhpe8irMI02JidQRoztLvNXY2rXP7hYqDK0OYVHQHsuTZoipcFH7WQQJ0UAvR6nNz2uLaNMGv04nw..,北京市新型冠状病毒感染肺炎疫情防控工作领导小组召开第十五次会议,2020年2月6日,人民网
https://www.sogou.com/link?url=DSOYnZeCC_pGzAO5rebEu4scsKoT-byZJvkJNWD4Ov4Hq1eIJk_nFOuElPTfv1X4H_xKZrroZU58SrCo0kAGwgYvfn5vIvBYnyl7ZORYLWyuLaNMGv04nw..,雷山县积极应对新型冠状病毒感染的肺炎疫情防控,2020年2月3日,中国新闻网
https://www.sogou.com/link?url=LeoKdSZoUyDEZlwjn3iUaidQRoztLvNXY2rXP7hYqDLorcXk0ylfGLFYONfb-roJmMfYcL19qhwh5nxpDb3WRg..,李克强到湖北武汉考察指导 新型冠状病毒感染肺炎疫情防控工作,2020年1月28日,人民网
https://www.sogou.com/link?url=ASxPCel3jpiVd9la4LYvXrL0n4gBmFe6uVPnnX92CgyTRgS3hI_AstxYcHRm7boCtsCnpVGpPpA.,医务人员何时感染病毒?疫情通报应及时公开,2020年1月21日,财新网
https://www.sogou.com/link?url=NdaMVEDuTuU5eh660Ue_fydQRoztLvNXY2rXP7hYqDI8BlcJjXx5804FJtUiEtWoLItWbsIRQhUh5nxpDb3WRg..,习近平对新型冠状病毒感染的肺炎疫情作出重要指示 强调要把人民群众...,2020年1月20日,人民网
https://www.sogou.com/link?url=6YUuC6e6hWbGeAfR2TOfZbsjmZ9Cp0bKNtEAtvGICIGqhW0wp2-yi-WdEw660uolDeyuFFpB5sUh5nxpDb3WRg..,李克强主持召开中央应对新型冠状病毒感染肺炎疫情工作领导小组会议 ...,2020年1月30日,中国共产党新闻网
https://www.sogou.com/link?url=LeoKdSZoUyAbJRMzDgA_ZSdQRoztLvNXY2rXP7hYqDIobtgloQherVtDfkqAIXWTHe2pPdiw4Woh5nxpDb3WRg..,王忠林督导检查疫情防控工作时强调:坚决落实四个“百分之百”阻断...,2020年1月29日,人民网
https://www.sogou.com/link?url=6YUuC6e6hWbGeAfR2TOfZbsjmZ9Cp0bKNtEAtvGICIH6se-PqcgbKoKyJCJckJJ7_nq7989HwEK2wKelUak-kA..,刘家义在全省新型冠状病毒感染肺炎疫情处置工作视频会议上强调:...,2020年1月27日,中国共产党新闻网
https://www.sogou.com/link?url=MRoBrhLn5VMbJRMzDgA_ZSdQRoztLvNXY2rXP7hYqDLr_HaK-tMRPzBJBk7EmAxs8XaZ79HmkiEh5nxpDb3WRg..,广东省推出防控新型冠状病毒感染的肺炎疫情一级响应16条措施,2020年1月24日,人民网
https://www.sogou.com/link?url=hedJjaC291M4oaTBlXc5yF31kXE-fSNrh-5BlUiiwC35ZuBHV0TqVaS5TeEU6sFeiZA36U7JRaM.,美国出现社区传染 疫情或爆发 但特朗普无动于衷?,2020年2月28日,网易财经
https://www.sogou.com/link?url=6YUuC6e6hWZXsI0yEVbMPSR44gNwLxaixupTJlNEgD1MKUCDZTnwQmXcV-K5ENzn,重庆启动新型冠状病毒感染肺炎疫情应急科技攻关专项 首批8项目取得...,2020年2月7日,凤凰网
https://www.sogou.com/link?url=DSOYnZeCC_qm6vrlz7max9v9YEzZYCmhaq292hRNEEIhsSv4voEURj36hCcDi2lxUjH1amy5Ue0.,2020年2月5日15时30分至22时辽宁新型冠状病毒感染的肺炎疫情情况,2020年2月6日,新华网
https://www.sogou.com/link?url=DSOYnZeCC_qm6vrlz7max9v9YEzZYCmhaq292hRNEEKLUWocRujTgnuO61Hkb9ikTUY8u2KJfRg.,2020年2月2日13时至22时辽宁新型冠状病毒感染的肺炎疫情情况,2020年2月3日,新华网
https://www.sogou.com/link?url=TiECA-reDTC6IKDYT2HMVDJAP2x-tWNBnugGCaCVmAc20QC28YgIgQKdmdMtNfseCke_s6_lKyim1YxLsKmxj64to0wa_Tif,习近平对新型冠状病毒感染的肺炎疫情作出重要指示 强调要把人民群众...,2020年1月20日,人民网
https://www.sogou.com/link?url=hedJjaC291P33igiXMgxhG6Bf1R3wa9WqceeH3_CyVIjiPAM_WsC4_GtpLlCRJXH,中国石油新型冠状病毒感染肺炎疫情防控工作报告,2020年2月18日,环球网
https://www.sogou.com/link?url=hedJjaC291NLcjs5U72kUDJCgPKKPk8s3dCg19eEaO-fp2iD9KdgLa3mlRzfPLR2,大兴初中成立新型冠状病毒感染肺炎疫情防控工作领导小组,2020年2月7日,腾讯教育
https://www.sogou.com/link?url=X4Yt6GhHd2pYqcwEECSgpLX2dg0f8GDSFpLaeNZrBws57M5dhtuRT4kpi8eTHZLpxW6vQno0R9XTO13urmeXqg..,司法部监狱管理局:湖北山东浙江5监狱罪犯感染疫情 均为输入性病例,2020年2月21日,人民网
https://www.sogou.com/link?url=NdaMVEDuTuU5eh660Ue_fydQRoztLvNXY2rXP7hYqDJvo4tjdFp4E04FJtUiEtWoEVqTpyfXIGkh5nxpDb3WRg..,海口市琼山区新型冠状病毒感染肺炎疫情防控工作指挥部通告,2020年2月15日,人民网
